menu_name,menu_section,navigation_label,current_menu_url,clean_target_url,current_state,recommended_path,suggested_action,update_scope,priority,notes
Main Navigation,Recommended,Top Bitcoin Casinos,https://news.coincu.com/159152-top-bitcoin-casinos-sites/,https://coincu.com/top-bitcoin-casinos-sites/,legacy-domain-link,update_directly,replace menu URL and update content,refresh to 2026,HIGH,Move off news.coincu.com and keep only the clean coincu.com target
Main Navigation,Recommended,Top Bitcoin Gambling Sites,https://news.coincu.com/158514-top-bitcoin-gambling-sites/,https://coincu.com/top-bitcoin-gambling-sites/,legacy-domain-link,update_directly,replace menu URL and update content,refresh to 2026,HIGH,Menu should not point to news.coincu.com
Main Navigation,Recommended,Best Bitcoin Blackjack Casinos,https://coincu.com/221956-best-bitcoin-blackjack-casinos-in-2023/,https://coincu.com/best-bitcoin-blackjack-casinos/,multi-step-redirect,update_directly,replace menu URL and update content,refresh to 2026,HIGH,Current menu URL is old 2023 version and should be swapped to final clean URL
Main Navigation,Recommended,Top 5 Best Anonymous Casinos,https://coincu.com/223305-top-5-best-anonymous-casinos-in-2023/,https://coincu.com/top-5-best-anonymous-casinos/,multi-step-redirect,update_directly,replace menu URL and update content,refresh to 2026,HIGH,Use the clean final URL in navigation
Main Navigation,Recommended,Top 5 Bitcoin Esports Betting Sites,https://coincu.com/224022-top-5-bitcoin-esports-betting-sites-in-2023/,https://coincu.com/top-5-bitcoin-esports-betting-sites/,multi-step-redirect,update_directly,replace menu URL and update content,refresh to 2026,HIGH,Use the clean final URL in navigation
Main Navigation,Recommended,Top 5 Crash Gambling Sites,https://coincu.com/224023-top-5-crash-gambling-sites-in-2023/,https://coincu.com/top-5-crash-gambling-sites/,multi-step-redirect,update_directly,replace menu URL and update content,refresh to 2026,HIGH,Use the clean final URL in navigation
Main Navigation,Recommended,Top 5 Best Plinko Gambling Sites,https://coincu.com/224962-top-5-best-plinko-gambling-sites/,https://coincu.com/top-5-best-plinko-gambling-sites/,redirecting-cleanup-needed,update_directly,replace menu URL if final target differs and update content,refresh to 2026,MEDIUM,Check whether menu should point to the final redirected URL
Main Navigation,Recommended,Top Best Litecoin Casinos,https://coincu.com/225007-top-best-litecoin-casinos/,https://coincu.com/top-best-litecoin-casinos/,redirecting-cleanup-needed,update_directly,replace menu URL if final target differs and update content,refresh to 2026,MEDIUM,Check whether menu should point to the final redirected URL
Main Navigation,Recommended,Best Tether Casino Sites,https://coincu.com/223491-best-tether-casino-sites-with-usdt-bonuses-2023/,https://coincu.com/best-tether-casino-sites-with-usdt-bonuses-2023/,still-2023-in-slug,review_slug_strategy,review slug strategy and update content,refresh to 2026 or create new evergreen URL,MEDIUM,Fast option is updating current URL; better option is new evergreen or 2026 URL with 301
Main Navigation,Recommended,Best Cryptocurrency To Explore,https://coincu.com/220997-top-cryptocurrency-projects-2023-solid-growth/,https://coincu.com/top-cryptocurrency-projects-2023-solid-growth/,still-2023-in-slug,review_slug_strategy,review slug strategy and update content,refresh to 2026 or create new evergreen URL,MEDIUM,Fast option is updating current URL; better option is new evergreen or 2026 URL with 301
Main Navigation,Recommended,Best Presale Cryptocurrencies,https://news.coincu.com/158315-best-presale-cryptocurrencies-invest/,,missing-clean-target,create_new_article,remove from menu and create new article,create new 2026 page,HIGH,Local data shows related coincu.com target is 404 so this should not stay in navigation
Main Navigation,Recommended,Best Web3 Cryptocurrencies,https://news.coincu.com/166708-top-10-web3-coins-worth-investing-in-2023/,,legacy-domain-link,create_new_article,remove from menu and create new article,create new 2026 page,HIGH,Legacy news.coincu.com URL should not remain in main navigation
