batch_no,row_no,post_id,post_name,find_url,replace_url,precheck_status,before_count,attempted_update,after_count,update_status,note
1,1,394990,starknet-enables-kyc-defi-via-ey-nightfall-integration,https://coincu.com/c/knowledge/,https://coincu.com/knowledge/,200,1,yes,0,200,updated
1,2,394015,cbdcs-face-scrutiny-as-ray-dalio-warns-on-privacy,https://coincu.com/c/knowledge/,https://coincu.com/knowledge/,200,1,yes,0,200,updated
1,3,223305,top-5-best-anonymous-casinos,https://coincu.com/c/knowledge/,https://coincu.com/knowledge/,200,1,yes,0,200,updated
1,4,249111,free-bitcoin-code,https://coincu.com/c/knowledge/,https://coincu.com/knowledge/,200,1,yes,0,200,updated
1,5,226681,top-5-biggest-crypto-airdrops,https://coincu.com/c/knowledge/,https://coincu.com/knowledge/,200,1,yes,0,200,updated
1,6,157388,top-5-dex-on-solana-update,https://coincu.com/c/knowledge/,https://coincu.com/knowledge/,200,2,yes,0,200,updated
1,7,227179,top-bridge-projects-on-layerzero,https://coincu.com/c/knowledge/,https://coincu.com/knowledge/,200,1,yes,0,200,updated
1,8,223112,top-5-best-crypto-mining-apps,https://coincu.com/c/knowledge/,https://coincu.com/knowledge/,200,2,yes,0,200,updated
1,9,260136,free-crypto-sign-up-bonuses,https://coincu.com/c/knowledge/,https://coincu.com/knowledge/,200,1,yes,0,200,updated
1,10,250062,bitstarz-login-step-by-step-guide,https://coincu.com/c/knowledge/,https://coincu.com/knowledge/,200,2,yes,0,200,updated
2,11,262882,standard-chartered-bank-predicts-bitcoin-surge,https://coincu.com/c/knowledge/,https://coincu.com/knowledge/,200,2,yes,0,200,updated
2,12,262877,jpmorgan-warns-us-regulators-crypto-cbdcs,https://coincu.com/c/knowledge/,https://coincu.com/knowledge/,200,2,yes,0,200,updated
2,13,262857,the-sandbox-secures-20m-kingsway-capital,https://coincu.com/c/knowledge/,https://coincu.com/knowledge/,200,2,yes,0,200,updated
2,14,262848,european-central-bank-rate-cut-in-five-years,https://coincu.com/c/knowledge/,https://coincu.com/knowledge/,200,2,yes,0,200,updated
2,15,262838,us-unemployment-claims-surge-to-229000,https://coincu.com/c/knowledge/,https://coincu.com/knowledge/,200,2,yes,0,200,updated
2,16,262830,robinhood-to-acquire-crypto-exchange-bitstamp,https://coincu.com/c/knowledge/,https://coincu.com/knowledge/,200,2,yes,0,200,updated
2,17,262670,blackrock-and-citadel-texas-stock-exchange,https://coincu.com/c/knowledge/,https://coincu.com/knowledge/,200,2,yes,0,200,updated
2,18,262663,sec-chair-gary-gensler-criticizes-crypto,https://coincu.com/c/knowledge/,https://coincu.com/knowledge/,200,2,yes,0,200,updated
2,19,262649,qcp-capital-predicts-btc-hit-74k-expects-eth-etf,https://coincu.com/c/knowledge/,https://coincu.com/knowledge/,200,2,yes,0,200,updated
2,20,262632,upbit-to-introduce-new-taiko-taiko-trading-pairs,https://coincu.com/c/knowledge/,https://coincu.com/knowledge/,200,2,yes,0,200,updated
3,21,262620,zksync-v24-update-mainnet-deployment-set-june-6,https://coincu.com/c/knowledge/,https://coincu.com/knowledge/,200,2,yes,0,200,updated
3,22,262613,tether-invests-18-75-million-in-xrex-group,https://coincu.com/c/knowledge/,https://coincu.com/knowledge/,200,2,yes,0,200,updated
3,23,262467,worldcoin-suspends-spanish-operations,https://coincu.com/c/knowledge/,https://coincu.com/knowledge/,200,2,yes,0,200,updated
3,24,262439,vaneck-ceo-predicts-bitcoin-market-cap-of-gold,https://coincu.com/c/knowledge/,https://coincu.com/knowledge/,200,4,yes,0,200,updated
3,25,262429,astar-network-destroy-5-of-astr-tokens,https://coincu.com/c/knowledge/,https://coincu.com/knowledge/,200,2,yes,0,200,updated
3,26,261941,tokenunlocks-report-crypto-unlocks-in-june,https://coincu.com/c/knowledge/,https://coincu.com/knowledge/,200,2,yes,0,200,updated
3,27,261932,upbit-to-introduce-beam-trading,https://coincu.com/c/knowledge/,https://coincu.com/knowledge/,200,2,yes,0,200,updated
3,28,261918,bitcoin-spot-etfs-net-inflows-reaching-48-706m,https://coincu.com/c/knowledge/,https://coincu.com/knowledge/,200,2,yes,0,200,updated
3,29,261909,luna-foundation-guard-crypto-transfers,https://coincu.com/c/knowledge/,https://coincu.com/knowledge/,200,2,yes,0,200,updated
3,30,261837,worldcoin-secures-10-million-wld-loan-extension,https://coincu.com/c/knowledge/,https://coincu.com/knowledge/,200,2,yes,0,200,updated
4,31,261824,crypto-hacks-and-fraud-have-cost-473-million,https://coincu.com/c/knowledge/,https://coincu.com/knowledge/,200,2,yes,0,200,updated
4,32,261671,merlin-chains-meteoric-rise-btc-transfers,https://coincu.com/c/knowledge/,https://coincu.com/knowledge/,200,2,yes,0,200,updated
4,33,261657,gemini-announces-2-18-billion-asset-return-earn,https://coincu.com/c/knowledge/,https://coincu.com/knowledge/,200,2,yes,0,200,updated
4,34,261648,justin-sun-compares-business-to-texas-holdem,https://coincu.com/c/knowledge/,https://coincu.com/knowledge/,200,2,yes,0,200,updated
4,35,261611,okx-announces-19th-proof-of-asset-reserves,https://coincu.com/c/knowledge/,https://coincu.com/knowledge/,200,2,yes,0,200,updated
4,36,261589,tether-has-blacklisted-address-containing-3-5-m,https://coincu.com/c/knowledge/,https://coincu.com/knowledge/,200,2,yes,0,200,updated
4,37,261578,bitcoin-spot-etfs-see-continued-growth-with-45m,https://coincu.com/c/knowledge/,https://coincu.com/knowledge/,200,2,yes,0,200,updated
4,38,261452,mt-gox-plans-secure-bitcoin-cash-for-repayments,https://coincu.com/c/knowledge/,https://coincu.com/knowledge/,200,2,yes,0,200,updated
4,39,261447,mt-gox-cold-wallet-transfers-141000-btc-wallet,https://coincu.com/c/knowledge/,https://coincu.com/knowledge/,200,2,yes,0,200,updated
4,40,261429,wisdomtree-physical-btc-and-ethereum-etps-on-lse,https://coincu.com/c/knowledge/,https://coincu.com/knowledge/,200,2,yes,0,200,updated
5,41,261343,btc-price-rockets-to-70000-milestone,https://coincu.com/c/knowledge/,https://coincu.com/knowledge/,200,2,yes,0,200,updated
5,42,261333,ethena-usde-custodian-skyrocketing-asset-value,https://coincu.com/c/knowledge/,https://coincu.com/knowledge/,200,2,yes,0,200,updated
5,43,261323,trump-memecoin-soars-holdings-surpass-10-million,https://coincu.com/c/knowledge/,https://coincu.com/knowledge/,200,2,yes,0,200,updated
5,44,261310,hong-kong-government-drives-virtual-asset-growth,https://coincu.com/c/knowledge/,https://coincu.com/knowledge/,200,2,yes,0,200,updated
5,45,260783,optimism-fourth-round-of-public-goods-funding,https://coincu.com/c/knowledge/,https://coincu.com/knowledge/,200,2,yes,0,200,updated
5,46,260774,us-senator-says-a-pro-crypto-army-in-congress,https://coincu.com/c/knowledge/,https://coincu.com/knowledge/,200,2,yes,0,200,updated
5,47,260760,coinbase-loses-supreme-court-dogecoin-dispute,https://coincu.com/c/knowledge/,https://coincu.com/knowledge/,200,2,yes,0,200,updated
5,48,260748,nvidia-market-value-triumphs-all-german-stocks,https://coincu.com/c/knowledge/,https://coincu.com/knowledge/,200,2,yes,0,200,updated
5,49,260731,grayscale-stacks-and-grayscale-near-trust-funds,https://coincu.com/c/knowledge/,https://coincu.com/knowledge/,200,2,yes,0,200,updated
5,50,259944,berachain-review-layer1-with-proof-of-liquidity,https://coincu.com/c/knowledge/,https://coincu.com/knowledge/,200,1,yes,0,200,updated
6,51,258981,best-places-to-buy-bitcoin-without-id,https://coincu.com/c/knowledge/,https://coincu.com/knowledge/,200,1,yes,0,200,updated
6,52,260297,arbitrum-farcaster-support-arbitrum-transactions,https://coincu.com/c/knowledge/,https://coincu.com/knowledge/,200,2,yes,0,200,updated
6,53,260287,binance-labs-backs-aevo-high-performance-decentralized-derivatives-platform-sees-33-8-price-drop,https://coincu.com/c/knowledge/,https://coincu.com/knowledge/,200,2,yes,0,200,updated
6,54,260257,vitalik-warns-super-intelligent-ais-high-risk,https://coincu.com/c/knowledge/,https://coincu.com/knowledge/,200,2,yes,0,200,updated
6,55,260159,potential-approval-of-spot-eth-etf-us-crypto,https://coincu.com/c/knowledge/,https://coincu.com/knowledge/,200,2,yes,0,200,updated
6,56,260153,vitalik-buterin-transfers-across-layer-2-network,https://coincu.com/c/knowledge/,https://coincu.com/knowledge/,200,2,yes,0,200,updated
6,57,260030,brazil-central-bank-crypto-industry-regulation,https://coincu.com/c/knowledge/,https://coincu.com/knowledge/,,0,,,error,Remote end closed connection without response
6,58,260022,apples-vision-pro-launch-marks-significant-shift,https://coincu.com/c/knowledge/,https://coincu.com/knowledge/,200,2,yes,0,200,updated
6,59,260016,uniswap-labs-and-across-cross-chain-erc-7683,https://coincu.com/c/knowledge/,https://coincu.com/knowledge/,200,2,yes,0,200,updated
6,60,260007,okx-releases-update-on-token-listing-process,https://coincu.com/c/knowledge/,https://coincu.com/knowledge/,200,2,yes,0,200,updated
7,61,260001,vitalik-applauds-orb-land-cryptoeconomic-marvel,https://coincu.com/c/knowledge/,https://coincu.com/knowledge/,200,2,yes,0,200,updated
7,62,259985,grayscale-goldman-sachs-peter-mintzberg-as-ceo,https://coincu.com/c/knowledge/,https://coincu.com/knowledge/,200,2,yes,0,200,updated
7,63,259196,the-next-generation-crypto-coin,https://coincu.com/c/knowledge/,https://coincu.com/knowledge/,200,3,yes,0,200,updated
7,64,259878,tornado-cash-ruling-casts-dark-shadow-market,https://coincu.com/c/knowledge/,https://coincu.com/knowledge/,200,2,yes,0,200,updated
7,65,259870,ethereum-foundation-staff-tied-to-eigenlayer,https://coincu.com/c/knowledge/,https://coincu.com/knowledge/,200,2,yes,0,200,updated
7,66,259862,india-sebi-and-central-bank-clash-over-crypto,https://coincu.com/c/knowledge/,https://coincu.com/knowledge/,200,2,yes,0,200,updated
7,67,259344,dydx-isolated-markets-and-isolated-margins,https://coincu.com/c/knowledge/,https://coincu.com/knowledge/,200,2,yes,0,200,updated
7,68,259329,el-salvador-mines-29m-bitcoin-geothermal-plant,https://coincu.com/c/knowledge/,https://coincu.com/knowledge/,200,2,yes,0,200,updated
7,69,259302,vanguard-salim-ramji-ceo-amid-bitcoin-etfs-ban,https://coincu.com/c/knowledge/,https://coincu.com/knowledge/,200,2,yes,0,200,updated
7,70,259293,zklink-airdrop-self-reporting-model-adopted,https://coincu.com/c/knowledge/,https://coincu.com/knowledge/,200,2,yes,0,200,updated
8,71,259282,us-april-cpi-shows-slight-dip-fed-rate-cuts,https://coincu.com/c/knowledge/,https://coincu.com/knowledge/,200,2,yes,0,200,updated
8,72,259137,fed-chair-powell-u-s-economy-strong-labor-market,https://coincu.com/c/knowledge/,https://coincu.com/knowledge/,200,2,yes,0,200,updated
8,73,259130,wisconsin-investment-holds-ishares-bitcoin-etf,https://coincu.com/c/knowledge/,https://coincu.com/knowledge/,200,2,yes,0,200,updated
8,74,259118,liquity-v2-white-paper-introduces-defi,https://coincu.com/c/knowledge/,https://coincu.com/knowledge/,200,2,yes,0,200,updated
8,75,259112,maple-finance-figment-launch-staking-solutions,https://coincu.com/c/knowledge/,https://coincu.com/knowledge/,200,2,yes,0,200,updated
8,76,259102,dwf-labs-transfers-2-million-floki-from-binance,https://coincu.com/c/knowledge/,https://coincu.com/knowledge/,200,2,yes,0,200,updated
8,77,258921,gamestop-soars-90-66-tripping-fourth-circuit,https://coincu.com/c/knowledge/,https://coincu.com/knowledge/,200,2,yes,0,200,updated
8,78,258906,notcoin-exchange-deposits-ending-tomorrow,https://coincu.com/c/knowledge/,https://coincu.com/knowledge/,200,2,yes,0,200,updated
8,79,258727,zksync-mainnet-v24-delayed-sepolia-testnet,https://coincu.com/c/knowledge/,https://coincu.com/knowledge/,200,2,yes,0,200,updated
8,80,258719,dormant-bitcoin-wallets-awaken-after-10-7-years,https://coincu.com/c/knowledge/,https://coincu.com/knowledge/,200,2,yes,0,200,updated
9,81,258681,999-btc-transferred-from-huobi-to-unknown-wallet,https://coincu.com/c/knowledge/,https://coincu.com/knowledge/,200,2,yes,0,200,updated
9,82,258673,spot-bitcoin-etfs-outflows-threaten-price-plunge,https://coincu.com/c/knowledge/,https://coincu.com/knowledge/,200,2,yes,0,200,updated
9,83,258661,bitcoin-asia-conference-draws-5500-attendees,https://coincu.com/c/knowledge/,https://coincu.com/knowledge/,200,2,yes,0,200,updated
9,84,258616,amber-group-associated-address-sends-1200-eth,https://coincu.com/c/knowledge/,https://coincu.com/knowledge/,200,2,yes,0,200,updated
9,85,258613,uniswap-founder-bidens-election-at-risk,https://coincu.com/c/knowledge/,https://coincu.com/knowledge/,200,2,yes,0,200,updated
9,86,258575,debank-has-connected-to-okx-web3-wallet,https://coincu.com/c/knowledge/,https://coincu.com/knowledge/,200,2,yes,0,200,updated
9,87,258568,phishing-group-returns-stolen-crypto-66-88m,https://coincu.com/c/knowledge/,https://coincu.com/knowledge/,200,2,yes,0,200,updated
9,88,258561,federal-reserve-governor-predicts-rate-cuts-2024,https://coincu.com/c/knowledge/,https://coincu.com/knowledge/,200,2,yes,0,200,updated
9,89,258554,bitcoin-profit-surge-over-86-addresses-defy,https://coincu.com/c/knowledge/,https://coincu.com/knowledge/,200,2,yes,0,200,updated
9,90,258347,ethprague-2024-shaping-the-future-of-ethereum,https://coincu.com/c/knowledge/,https://coincu.com/knowledge/,200,2,yes,0,200,updated
10,91,258327,cryptopia-conference-2024,https://coincu.com/c/knowledge/,https://coincu.com/knowledge/,200,2,yes,0,200,updated
10,92,258296,consensus-2024-explore-exhibitors-and-engaging,https://coincu.com/c/knowledge/,https://coincu.com/knowledge/,200,2,yes,0,200,updated
10,93,258290,robinhood-secures-26b-in-q1-2024-crypto-holdings,https://coincu.com/c/knowledge/,https://coincu.com/knowledge/,200,2,yes,0,200,updated
10,94,258086,australian-taxation-office-crypto-exchanges,https://coincu.com/c/knowledge/,https://coincu.com/knowledge/,200,2,yes,0,200,updated
10,95,258079,layerzero-ceo-imposes-strict-policy-on-airdrops,https://coincu.com/c/knowledge/,https://coincu.com/knowledge/,200,2,yes,0,200,updated
10,96,258006,cardano-network-transaction-volume-90-million,https://coincu.com/c/knowledge/,https://coincu.com/knowledge/,200,2,yes,0,200,updated
10,97,257999,bitfinex-whales-ramp-up-long-positions-6165-btc,https://coincu.com/c/knowledge/,https://coincu.com/knowledge/,200,2,yes,0,200,updated
10,98,257987,arbitrum-becomes-layer-2-swap-platform-hit-150b,https://coincu.com/c/knowledge/,https://coincu.com/knowledge/,200,2,yes,0,200,updated
10,99,257972,metamask-launches-smart-transactions-mev-attacks,https://coincu.com/c/knowledge/,https://coincu.com/knowledge/,200,2,yes,0,200,updated
10,100,257607,sharkyfi-review-sol-largest-nft-lending-platform,https://coincu.com/c/knowledge/,https://coincu.com/knowledge/,200,1,yes,0,200,updated
11,101,257952,kenyan-president-taps-marathon-digital-bitcoin,https://coincu.com/c/knowledge/,https://coincu.com/knowledge/,200,2,yes,0,200,updated
11,102,257823,network-contracts-liquidated-75-9m-lost-in-24-h,https://coincu.com/c/knowledge/,https://coincu.com/knowledge/,200,2,yes,0,200,updated
11,103,257681,arthur-hayes-blog-bitcoin-hits-local-low,https://coincu.com/c/knowledge/,https://coincu.com/knowledge/,200,2,yes,0,200,updated
11,104,257665,fidelity-reveals-pension-funds-bitcoin-4-8-t,https://coincu.com/c/knowledge/,https://coincu.com/knowledge/,200,2,yes,0,200,updated
11,105,257661,us-nonfarm-employment-up-by-175000-in-april,https://coincu.com/c/knowledge/,https://coincu.com/knowledge/,200,2,yes,0,200,updated
11,106,257545,bnp-paribas-buys-blackrock-spot-bitcoin-etf,https://coincu.com/c/knowledge/,https://coincu.com/knowledge/,200,2,yes,0,200,updated
11,107,257539,april-crypto-vc-report-1-02b-invested-monad-labs,https://coincu.com/c/knowledge/,https://coincu.com/knowledge/,200,2,yes,0,200,updated
11,108,257533,hong-kong-spot-etfs-8-75m-u-s-bitcoin-etfs-78m,https://coincu.com/c/knowledge/,https://coincu.com/knowledge/,200,2,yes,0,200,updated
11,109,257526,feds-powell-announces-rate-hike-pause-qt-slowing,https://coincu.com/c/knowledge/,https://coincu.com/knowledge/,200,2,yes,0,200,updated
11,110,257518,paragraph-acquires-web3-platform-mirror,https://coincu.com/c/knowledge/,https://coincu.com/knowledge/,200,2,yes,0,200,updated
12,111,257510,blackrocks-financial-entering-spot-etf-trading,https://coincu.com/c/knowledge/,https://coincu.com/knowledge/,200,2,yes,0,200,updated
12,112,256845,kamino-finance-review-defi-platform-on-sol,https://coincu.com/c/knowledge/,https://coincu.com/knowledge/,,0,,,error,<urlopen error [Errno 104] Connection reset by peer>
12,113,257328,chinese-police-nab-suspect-in-strk-airdrop-scam,https://coincu.com/c/knowledge/,https://coincu.com/knowledge/,200,2,yes,0,200,updated
12,114,257321,vitalik-warns-against-hardware-wallet-risks,https://coincu.com/c/knowledge/,https://coincu.com/knowledge/,200,2,yes,0,200,updated
12,115,257226,boshi-hashkey-etf-holds-964-btc-and-4290-eth,https://coincu.com/c/knowledge/,https://coincu.com/knowledge/,200,2,yes,0,200,updated
12,116,257220,coinbase-integrates-bitcoin-lightning-network,https://coincu.com/c/knowledge/,https://coincu.com/knowledge/,200,2,yes,0,200,updated
12,117,257208,may-tokenunlocks-over-3-661b-unlocked,https://coincu.com/c/knowledge/,https://coincu.com/knowledge/,200,2,yes,0,200,updated
12,118,257202,hong-kongs-bitcoin-and-ethereum-etfs-lag-u-s,https://coincu.com/c/knowledge/,https://coincu.com/knowledge/,200,2,yes,0,200,updated
12,119,257195,chiliz-chain-hard-fork-enhanced-chz-tokenomics,https://coincu.com/c/knowledge/,https://coincu.com/knowledge/,200,2,yes,0,200,updated
12,120,257188,hashkey-group-swiftly-withdraws-178126-pendle,https://coincu.com/c/knowledge/,https://coincu.com/knowledge/,200,2,yes,0,200,updated
13,121,256130,runes-protocol-review-new-solution-on-bitcoin,https://coincu.com/c/knowledge/,https://coincu.com/knowledge/,200,1,yes,0,200,updated
13,122,256990,118-7-m-crypto-withdrawal-from-bnb-16-hours,https://coincu.com/c/knowledge/,https://coincu.com/knowledge/,200,2,yes,0,200,updated
13,123,256984,ethereum-layer-2-total-lock-up-volume-0-85-week,https://coincu.com/c/knowledge/,https://coincu.com/knowledge/,200,2,yes,0,200,updated
13,124,256977,xbankfinance-rug-suspected-official-frozen,https://coincu.com/c/knowledge/,https://coincu.com/knowledge/,200,2,yes,0,200,updated
13,125,256971,nft-transaction-volume-on-bitcoin-chain-plummet,https://coincu.com/c/knowledge/,https://coincu.com/knowledge/,200,2,yes,0,200,updated
13,126,256964,10x-research-reveals-downfall-of-etf-investments,https://coincu.com/c/knowledge/,https://coincu.com/knowledge/,200,2,yes,0,200,updated
13,127,256770,justin-suns-mammoth-eth-purchase-surges-176k-eth,https://coincu.com/c/knowledge/,https://coincu.com/knowledge/,200,2,yes,0,200,updated
13,128,256761,a16z-crypto-general-counsel-proposes-principles,https://coincu.com/c/knowledge/,https://coincu.com/knowledge/,200,2,yes,0,200,updated
13,129,256754,cryptopunk-635-has-been-sold-for-4000-eth,https://coincu.com/c/knowledge/,https://coincu.com/knowledge/,200,2,yes,0,200,updated
13,130,256747,us-sec-set-to-reject-spot-ether-etfs,https://coincu.com/c/knowledge/,https://coincu.com/knowledge/,200,2,yes,0,200,updated
14,131,256699,top-ai-trading-platforms-expert-rankings-reviews,https://coincu.com/c/knowledge/,https://coincu.com/knowledge/,200,1,yes,0,200,updated
14,132,255532,tonup-review-the-first-launchpad-platform-on-ton,https://coincu.com/c/knowledge/,https://coincu.com/knowledge/,200,1,yes,0,200,updated
14,133,256611,hong-kongs-bitcoin-and-ethereum-etfso-april-30th,https://coincu.com/c/knowledge/,https://coincu.com/knowledge/,200,2,yes,0,200,updated
14,134,256598,ethena-labs-partners-with-swell-l2,https://coincu.com/c/knowledge/,https://coincu.com/knowledge/,200,2,yes,0,200,updated
14,135,256592,zkasino-shatters-expectations-on-zksync-platform,https://coincu.com/c/knowledge/,https://coincu.com/knowledge/,200,2,yes,0,200,updated
14,136,255729,ton-fish-review-first-meme-on-the-ton-blockchain,https://coincu.com/c/knowledge/,https://coincu.com/knowledge/,200,1,yes,0,200,updated
14,137,256349,crypto-lobbyists-challenge-secs-dealer,https://coincu.com/c/knowledge/,https://coincu.com/knowledge/,200,2,yes,0,200,updated
14,138,256342,coinbase-launches-pepe-perpetual-futures,https://coincu.com/c/knowledge/,https://coincu.com/knowledge/,200,2,yes,0,200,updated
14,139,256239,blackrock-spot-bitcoin-etf-microstrategy,https://coincu.com/c/knowledge/,https://coincu.com/knowledge/,200,2,yes,0,200,updated
14,140,256233,binance-executive-arrested-in-kenya,https://coincu.com/c/knowledge/,https://coincu.com/knowledge/,200,2,yes,0,200,updated
15,141,256226,shiba-inu-memecoin-nets-12m-funding,https://coincu.com/c/knowledge/,https://coincu.com/knowledge/,200,2,yes,0,200,updated
15,142,256221,grayscale-announces-low-fee-bitcoin-etf-spinoff,https://coincu.com/c/knowledge/,https://coincu.com/knowledge/,200,2,yes,0,200,updated
15,143,256205,anchorage-digital-recruits-coinbase-veteran-coo,https://coincu.com/c/knowledge/,https://coincu.com/knowledge/,200,2,yes,0,200,updated
15,144,256196,ionet-and-aethir-forge-100m-airdrop-deal,https://coincu.com/c/knowledge/,https://coincu.com/knowledge/,200,2,yes,0,200,updated
15,145,254659,us-election-overview-swing-states-coalition-2024,https://coincu.com/c/knowledge/,https://coincu.com/knowledge/,200,1,yes,0,200,updated
15,146,254418,bitcoin-mining-how-long-to-mine-1-bitcoin,https://coincu.com/c/knowledge/,https://coincu.com/knowledge/,200,2,yes,0,200,updated
15,147,255673,court-gemini-trust-and-genesis-settlement,https://coincu.com/c/knowledge/,https://coincu.com/knowledge/,200,2,yes,0,200,updated
15,148,255647,mint-blockchain-partners-optimism-foundation,https://coincu.com/c/knowledge/,https://coincu.com/knowledge/,200,2,yes,0,200,updated
15,149,255642,security-alliance-encrypted-threat-seal-isac,https://coincu.com/c/knowledge/,https://coincu.com/knowledge/,200,2,yes,0,200,updated
15,150,255635,top-5-bitcoin-miners-not-selling-bitcoin-in-anticipation-of-halving,https://coincu.com/c/knowledge/,https://coincu.com/knowledge/,200,2,yes,0,200,updated
16,151,255626,byteplus-ventures-into-blockchain-with-sui,https://coincu.com/c/knowledge/,https://coincu.com/knowledge/,200,2,yes,0,200,updated
16,152,255049,bittensor-review-2024-machine-intelligence,https://coincu.com/c/knowledge/,https://coincu.com/knowledge/,200,2,yes,0,200,updated
16,153,255128,bnb-trading-pair-trends-in-10-binance-launchpool,https://coincu.com/c/knowledge/,https://coincu.com/knowledge/,200,2,yes,0,200,updated
16,154,255122,ethena-protocol-records-first-ever-negative,https://coincu.com/c/knowledge/,https://coincu.com/knowledge/,200,2,yes,0,200,updated
16,155,255106,backpack-crypto-exchange-resumes-operations,https://coincu.com/c/knowledge/,https://coincu.com/knowledge/,200,2,yes,0,200,updated
16,156,255094,ethereum-nft-transaction-volume-spikes-122-94,https://coincu.com/c/knowledge/,https://coincu.com/knowledge/,200,2,yes,0,200,updated
16,157,255088,defi-liquidation-soars-120m-record-high,https://coincu.com/c/knowledge/,https://coincu.com/knowledge/,200,2,yes,0,200,updated
16,158,255081,curve-founder-faces-liquidation-371m-crv,https://coincu.com/c/knowledge/,https://coincu.com/knowledge/,200,2,yes,0,200,updated
16,159,255061,hong-kong-bitcoin-etfs-inaccessible-china-funds,https://coincu.com/c/knowledge/,https://coincu.com/knowledge/,200,2,yes,0,200,updated
16,160,252971,best-real-world-assets-tokens-to-watch-in-2024,https://coincu.com/c/knowledge/,https://coincu.com/knowledge/,200,3,yes,0,200,updated
17,161,255021,runestone-launches-with-no-pre-sale,https://coincu.com/c/knowledge/,https://coincu.com/knowledge/,200,2,yes,0,200,updated
17,162,254998,adopting-bitcoin-arnhem-2024,https://coincu.com/c/knowledge/,https://coincu.com/knowledge/,200,2,yes,0,200,updated
17,163,254977,ftx-alameda-liquidation-address-deposited-eth,https://coincu.com/c/knowledge/,https://coincu.com/knowledge/,200,2,yes,0,200,updated
17,164,254966,us-regulatory-zigzag-closure-zksync-lite,https://coincu.com/c/knowledge/,https://coincu.com/knowledge/,200,2,yes,0,200,updated
17,165,254941,global-governments-amass-23-6b-in-crypto-assets,https://coincu.com/c/knowledge/,https://coincu.com/knowledge/,200,2,yes,0,200,updated
17,166,254755,us-election-calendar,https://coincu.com/c/knowledge/,https://coincu.com/knowledge/,200,1,yes,0,200,updated
17,167,254874,crypto-com-referral-code-earn-50-signup-bonus,https://coincu.com/c/knowledge/,https://coincu.com/knowledge/,200,1,yes,0,200,updated
17,168,254766,paraguayan-senators-mull-selling-bitcoin-miners,https://coincu.com/c/knowledge/,https://coincu.com/knowledge/,200,2,yes,0,200,updated
17,169,254750,bitcoin-l2-faces-criticism-from-mempool-founder-mononaut,https://coincu.com/c/knowledge/,https://coincu.com/knowledge/,200,2,yes,0,200,updated
17,170,254735,bitcoin-spot-etfs-see-massive-123m-inflows,https://coincu.com/c/knowledge/,https://coincu.com/knowledge/,200,2,yes,0,200,updated
18,171,254668,us-bitcoin-spot-etf-record-inflow-of-124-million,https://coincu.com/c/knowledge/,https://coincu.com/knowledge/,200,2,yes,0,200,updated
18,172,254615,eu-mica-regulations-fail-impact-european-crypto,https://coincu.com/c/knowledge/,https://coincu.com/knowledge/,200,2,yes,0,200,updated
18,173,254608,bitcoin-miner-auradine-raises-80m-in-series-b,https://coincu.com/c/knowledge/,https://coincu.com/knowledge/,200,2,yes,0,200,updated
18,174,254601,sushi-dao-financial-proposal-vote-62-5-support,https://coincu.com/c/knowledge/,https://coincu.com/knowledge/,200,2,yes,0,200,updated
18,175,254595,microstrategy-short-traders-lose-1-92-billion,https://coincu.com/c/knowledge/,https://coincu.com/knowledge/,200,2,yes,0,200,updated
18,176,254585,cex-data-report-sees-134-surge-in-spot-trading,https://coincu.com/c/knowledge/,https://coincu.com/knowledge/,200,2,yes,0,200,updated
18,177,250632,ethereum-gas-fees-lowest-transaction-costs,https://coincu.com/c/knowledge/,https://coincu.com/knowledge/,200,2,yes,0,200,updated
18,178,254250,mexc-referral-code-129erg-earn-sign-up-bonuses,https://coincu.com/c/knowledge/,https://coincu.com/knowledge/,200,1,yes,0,200,updated
18,179,254440,vaneck-ceo-dashes-hope-for-ethereum-etf-approval,https://coincu.com/c/knowledge/,https://coincu.com/knowledge/,200,2,yes,0,200,updated
18,180,254369,circle-launches-native-usdc-available-on-zksync,https://coincu.com/c/knowledge/,https://coincu.com/knowledge/,200,2,yes,0,200,updated
19,181,254361,us-treasury-deputy-russia-exploits-tethers-usdt,https://coincu.com/c/knowledge/,https://coincu.com/knowledge/,200,2,yes,0,200,updated
19,182,254355,grayscale-transfers-6257-btc-to-coinbase-prime,https://coincu.com/c/knowledge/,https://coincu.com/knowledge/,200,2,yes,0,200,updated
19,183,254343,bv-bank-digital-tokens-car-buying-in-brazil,https://coincu.com/c/knowledge/,https://coincu.com/knowledge/,200,2,yes,0,200,updated
19,184,254327,vitalik-buterin-account-setup-at-hashkey-global,https://coincu.com/c/knowledge/,https://coincu.com/knowledge/,200,2,yes,0,200,updated
19,185,254311,safecon-2024-smart-account-builder-conference,https://coincu.com/c/knowledge/,https://coincu.com/knowledge/,200,2,yes,0,200,updated
19,186,254299,dappcon-24-uniting-innovators-for-blockchains,https://coincu.com/c/knowledge/,https://coincu.com/knowledge/,200,2,yes,0,200,updated
19,187,254294,crypto-expo-dubai-2024,https://coincu.com/c/knowledge/,https://coincu.com/knowledge/,200,2,yes,0,200,updated
19,188,251283,best-cloud-mining-platforms-2024,https://coincu.com/c/knowledge/,https://coincu.com/knowledge/,200,2,yes,0,200,updated
19,189,254164,bitcoin-surges-70000-nearing-all-time-high,https://coincu.com/c/knowledge/,https://coincu.com/knowledge/,200,2,yes,0,200,updated
19,190,254157,pancakeswap-burns-8-7m-cake-tokens-valued-at-35m,https://coincu.com/c/knowledge/,https://coincu.com/knowledge/,200,2,yes,0,200,updated
20,191,254143,1inch-card-partners-with-mastercard-and-baanx,https://coincu.com/c/knowledge/,https://coincu.com/knowledge/,200,2,yes,0,200,updated
20,192,254135,ethena-labs-introduces-ena-locking,https://coincu.com/c/knowledge/,https://coincu.com/knowledge/,200,2,yes,0,200,updated
20,193,254127,sora-ventures-collaborates-with-metaplanet,https://coincu.com/c/knowledge/,https://coincu.com/knowledge/,200,2,yes,0,200,updated
20,194,249670,bybit-referral-code-claim-30k-sign-up-bonus,https://coincu.com/c/knowledge/,https://coincu.com/knowledge/,200,1,yes,0,200,updated
20,195,253673,gateio-referral-code-alcrufoj-share-commission,https://coincu.com/c/knowledge/,https://coincu.com/knowledge/,200,1,yes,0,200,updated
20,196,253320,spot-ethereum-etf-vs-ethereum-futures-etf-2,https://coincu.com/c/knowledge/,https://coincu.com/knowledge/,200,1,yes,0,200,updated
20,197,253507,okx-referral-code-59061816-earn-mystery-boxes,https://coincu.com/c/knowledge/,https://coincu.com/knowledge/,200,1,yes,0,200,updated
20,198,221765,top-5-socialfi-projects,https://coincu.com/c/knowledge/,https://coincu.com/knowledge/,200,1,yes,0,200,updated
20,199,253310,a16z-fuels-30m-surge-in-gaming-startup-ecosystem,https://coincu.com/c/knowledge/,https://coincu.com/knowledge/,200,2,yes,0,200,updated
20,200,253258,sam-bankman-fried-reflects-daily-haunting-losses,https://coincu.com/c/knowledge/,https://coincu.com/knowledge/,200,2,yes,0,200,updated
21,201,253245,bankless-co-founder-david-hoffman-joins-solana,https://coincu.com/c/knowledge/,https://coincu.com/knowledge/,200,2,yes,0,200,updated
21,202,253188,vitalik-buterin-unveils-ethereum-purge-protocol,https://coincu.com/c/knowledge/,https://coincu.com/knowledge/,200,2,yes,0,200,updated
21,203,253175,bitkub-announces-ipo-in-2025-amid-binance,https://coincu.com/c/knowledge/,https://coincu.com/knowledge/,200,0,no,0,200_recheck,already_fixed_or_not_found_in_content
21,204,252473,ethereum-etf-vs-bitcoin-etf,https://coincu.com/c/knowledge/,https://coincu.com/knowledge/,200,1,yes,0,200,updated
21,205,252329,what-is-a-spot-ethereum-etf,https://coincu.com/c/knowledge/,https://coincu.com/knowledge/,200,1,yes,0,200,updated
21,206,253047,goldman-sachs-group-said-pension-funds-sell-32-b,https://coincu.com/c/knowledge/,https://coincu.com/knowledge/,200,2,yes,0,200,updated
21,207,253037,tokenunlocks-report-april-sees-1-38-b-unlocked,https://coincu.com/c/knowledge/,https://coincu.com/knowledge/,200,2,yes,0,200,updated
21,208,253031,cme-fed-watch-overwhelming-95-8-odds-favor-rates,https://coincu.com/c/knowledge/,https://coincu.com/knowledge/,200,2,yes,0,200,updated
21,209,253025,hong-kong-exchange-hkvaex-binance-to-permanently,https://coincu.com/c/knowledge/,https://coincu.com/knowledge/,200,2,yes,0,200,updated
21,210,253018,manta-network-withdrawals-wusdm-to-usdc,https://coincu.com/c/knowledge/,https://coincu.com/knowledge/,200,2,yes,0,200,updated
22,211,252916,15-1b-bitcoin-and-ethereum-options-set-to-expire,https://coincu.com/c/knowledge/,https://coincu.com/knowledge/,200,2,yes,0,200,updated
22,212,252905,tezos-validators-poised-to-slash-latency,https://coincu.com/c/knowledge/,https://coincu.com/knowledge/,200,2,yes,0,200,updated
22,213,252899,worldcoin-project-grant-on-chain-traffic-surge,https://coincu.com/c/knowledge/,https://coincu.com/knowledge/,200,2,yes,0,200,updated
22,214,252464,tether-deployed-usdt-on-celo-transactions,https://coincu.com/c/knowledge/,https://coincu.com/knowledge/,200,2,yes,0,200,updated
22,215,252453,fidelity-unveils-4-5-trillion-spot-ethereum-etf,https://coincu.com/c/knowledge/,https://coincu.com/knowledge/,200,2,yes,0,200,updated
22,216,252438,sec-redefines-internet-investment-adviser,https://coincu.com/c/knowledge/,https://coincu.com/knowledge/,200,2,yes,0,200,updated
22,217,252410,coinbase-staking-program-rejects-secs-claims,https://coincu.com/c/knowledge/,https://coincu.com/knowledge/,200,2,yes,0,200,updated
22,218,252390,cftc-declares-ether-and-litecoin-as-commodities,https://coincu.com/c/knowledge/,https://coincu.com/knowledge/,200,2,yes,0,200,updated
22,219,252378,arbitrum-and-azuki-unleash-explosive-anime-web3,https://coincu.com/c/knowledge/,https://coincu.com/knowledge/,200,2,yes,0,200,updated
22,220,252221,circle-launches-cctp-on-solana-mainnet,https://coincu.com/c/knowledge/,https://coincu.com/knowledge/,200,2,yes,0,200,updated
23,221,252211,tether-data-announces-focus-in-ai,https://coincu.com/c/knowledge/,https://coincu.com/knowledge/,200,2,yes,0,200,updated
23,222,252202,philippines-binance-investors-regulators-ban,https://coincu.com/c/knowledge/,https://coincu.com/knowledge/,200,2,yes,0,200,updated
23,223,251328,how-to-create-and-use-ton-wallets,https://coincu.com/c/knowledge/,https://coincu.com/knowledge/,200,1,yes,0,200,updated
23,224,252065,london-stock-exchange-to-list-btc-and-etns,https://coincu.com/c/knowledge/,https://coincu.com/knowledge/,200,2,yes,0,200,updated
23,225,252059,grayscale-transfers-5800-btc-shakes-crypto,https://coincu.com/c/knowledge/,https://coincu.com/knowledge/,200,2,yes,0,200,updated
23,226,252053,cyberconnect-launches-2m-ecosystem-grant-program,https://coincu.com/c/knowledge/,https://coincu.com/knowledge/,200,2,yes,0,200,updated
23,227,252043,intotheblock-adds-prisma-to-defi-risk-radar,https://coincu.com/c/knowledge/,https://coincu.com/knowledge/,200,2,yes,0,200,updated
23,228,252033,dogecoin-price-surpasses-10x-surge-in-2021,https://coincu.com/c/knowledge/,https://coincu.com/knowledge/,200,2,yes,0,200,updated
23,229,252028,worldcoin-foundation-orb-softwares-open-source,https://coincu.com/c/knowledge/,https://coincu.com/knowledge/,200,2,yes,0,200,updated
23,230,250065,chatgot-ask-ai-chatbot-everything-should-know,https://coincu.com/c/knowledge/,https://coincu.com/knowledge/,200,2,yes,0,200,updated
24,231,248256,okx-por-15-surpasses-100-bch-added-for-first-time,https://coincu.com/c/knowledge/,https://coincu.com/knowledge/,200,2,yes,0,200,updated
24,232,251791,un-general-assembly-approves-ai-future,https://coincu.com/c/knowledge/,https://coincu.com/knowledge/,200,4,yes,0,200,updated
24,233,251783,bitcoin-spot-etfs-witness-51-6m-outflows-gbtc,https://coincu.com/c/knowledge/,https://coincu.com/knowledge/,200,2,yes,0,200,updated
24,234,224104,top-5-best-gamefi-projects,https://coincu.com/c/knowledge/,https://coincu.com/knowledge/,200,1,yes,0,200,updated
24,235,226114,top-5-best-metaverse-coins-to-invest-in-2024,https://coincu.com/c/knowledge/,https://coincu.com/knowledge/,200,1,yes,0,200,updated
24,236,249892,have-you-ever-lost-bitcoin-what-does-this-mean,https://coincu.com/c/knowledge/,https://coincu.com/knowledge/,200,1,yes,0,200,updated
24,237,250238,pi-chain-mall,https://coincu.com/c/knowledge/,https://coincu.com/knowledge/,200,2,yes,0,200,updated
24,238,251222,bankless-rebrands-to-bonkless-amid-legal,https://coincu.com/c/knowledge/,https://coincu.com/knowledge/,200,2,yes,0,200,updated
24,239,251210,663m-evaporates-from-cryptocurrency-market,https://coincu.com/c/knowledge/,https://coincu.com/knowledge/,200,2,yes,0,200,updated
24,240,251198,avalanche-meme-project-sender-plunges-70,https://coincu.com/c/knowledge/,https://coincu.com/knowledge/,200,2,yes,0,200,updated
25,241,251188,goldman-sachs-crypto-head-attributes-investors,https://coincu.com/c/knowledge/,https://coincu.com/knowledge/,200,2,yes,0,200,updated
25,242,251174,avalanche-project-sener-suspected-of-vanishing,https://coincu.com/c/knowledge/,https://coincu.com/knowledge/,200,2,yes,0,200,updated
25,243,251168,eu-lawmakers-approve-anti-money-laundering,https://coincu.com/c/knowledge/,https://coincu.com/knowledge/,200,2,yes,0,200,updated
25,244,250060,pontem-network-airdrop-of-aptos-ecosystem,https://coincu.com/c/knowledge/,https://coincu.com/knowledge/,200,1,yes,0,200,updated
25,245,250480,crypto-insider-trading-scam-exchange-rigged,https://coincu.com/c/knowledge/,https://coincu.com/knowledge/,200,1,yes,0,200,updated
25,246,250979,whopping-plummet-address-1-48m-in-meme-tokens,https://coincu.com/c/knowledge/,https://coincu.com/knowledge/,200,2,yes,0,200,updated
25,247,250967,central-bank-for-digital-rmb-payments-in-china,https://coincu.com/c/knowledge/,https://coincu.com/knowledge/,200,2,yes,0,200,updated
25,248,250959,standard-chartered-bank-predicts-bitcoin-to-25k,https://coincu.com/c/knowledge/,https://coincu.com/knowledge/,200,2,yes,0,200,updated
25,249,250947,grab-partners-with-triple-a-to-introduce-grabpay,https://coincu.com/c/knowledge/,https://coincu.com/knowledge/,200,2,yes,0,200,updated
25,250,53046,top-5-main-ido-platforms-on-solana,https://coincu.com/c/knowledge/,https://coincu.com/knowledge/,200,3,yes,0,200,updated
26,251,250531,hong-kong-sfc-adds-mexc-to-unlicensed-operations,https://coincu.com/c/knowledge/,https://coincu.com/knowledge/,200,2,yes,0,200,updated
26,252,250523,bitcoin-surpasses-gold-in-investor-allocation,https://coincu.com/c/knowledge/,https://coincu.com/knowledge/,200,2,yes,0,200,updated
26,253,250507,ethereum-layer-2-ten-surges-to-30m-valuation,https://coincu.com/c/knowledge/,https://coincu.com/knowledge/,200,2,yes,0,200,updated
26,254,250503,microstrategy-expands-convertible-loan-offering,https://coincu.com/c/knowledge/,https://coincu.com/knowledge/,200,2,yes,0,200,updated
26,255,250495,binance-cracks-down-on-token-listings-regulatory,https://coincu.com/c/knowledge/,https://coincu.com/knowledge/,200,2,yes,0,200,updated
26,256,250492,vanguard-ceo-rejects-bitcoin-etf,https://coincu.com/c/knowledge/,https://coincu.com/knowledge/,200,2,yes,0,200,updated
26,257,247721,robert-kiyosaki-net-worth-2024-money-guru-study,https://coincu.com/c/knowledge/,https://coincu.com/knowledge/,200,1,yes,0,200,updated
26,258,250177,starknet-foundation-launches-gaming-council,https://coincu.com/c/knowledge/,https://coincu.com/knowledge/,200,2,yes,0,200,updated
26,259,250171,michael-saylor-forecasts-bitcoin-supremacy,https://coincu.com/c/knowledge/,https://coincu.com/knowledge/,200,2,yes,0,200,updated
26,260,250152,coinbase-signals-short-term-hurdles,https://coincu.com/c/knowledge/,https://coincu.com/knowledge/,200,2,yes,0,200,updated
27,261,250142,nexon-partnership-ava-labs-to-launch-maplestory,https://coincu.com/c/knowledge/,https://coincu.com/knowledge/,200,2,yes,0,200,updated
27,262,250127,tether-will-launch-usdt-on-the-celo-blockchain,https://coincu.com/c/knowledge/,https://coincu.com/knowledge/,200,2,yes,0,200,updated
27,263,249521,cfg-scale-in-stable-diffusion-analysis,https://coincu.com/c/knowledge/,https://coincu.com/knowledge/,200,2,yes,0,200,updated_retry1
27,264,249494,is-pamonex-exchange-a-scam-or-legit,https://coincu.com/c/knowledge/,https://coincu.com/knowledge/,200,1,yes,0,200,updated
27,265,249559,universal-basic-asset-everything-you-need-know,https://coincu.com/c/knowledge/,https://coincu.com/knowledge/,200,3,yes,0,200,updated
27,266,249624,blackrock-bitcoin-spot-etf-holdings-by-12600,https://coincu.com/c/knowledge/,https://coincu.com/knowledge/,200,4,yes,0,200,updated
27,267,249615,fed-chairman-signals-potential-rate-cut,https://coincu.com/c/knowledge/,https://coincu.com/knowledge/,200,2,yes,0,200,updated
27,268,249608,dcg-lawsuit-filed-by-new-york-attorney,https://coincu.com/c/knowledge/,https://coincu.com/knowledge/,200,2,yes,0,200,updated
27,269,249593,blast-platforms-unrestricted-asset-handling,https://coincu.com/c/knowledge/,https://coincu.com/knowledge/,200,2,yes,0,200,updated
27,270,249584,bitcoins-record-surge-faces-march-turbulence,https://coincu.com/c/knowledge/,https://coincu.com/knowledge/,200,2,yes,0,200,updated
28,271,249402,how-to-sign-up-an-okx-account-step-by-step-guide,https://coincu.com/c/knowledge/,https://coincu.com/knowledge/,200,2,yes,0,200,updated
28,272,249328,stanfords-blyth-fund-portfolio-bold-7-bitcoin,https://coincu.com/c/knowledge/,https://coincu.com/knowledge/,200,2,yes,0,200,updated
28,273,249317,south-korean-approving-spot-bitcoin-etf,https://coincu.com/c/knowledge/,https://coincu.com/knowledge/,200,2,yes,0,200,updated
28,274,249312,brics-countries-plan-to-create-payment-system,https://coincu.com/c/knowledge/,https://coincu.com/knowledge/,200,2,yes,0,200,updated
28,275,249250,ethena-aave-introduce-susde-into-aave-v3,https://coincu.com/c/knowledge/,https://coincu.com/knowledge/,200,2,yes,0,200,updated
28,276,249233,meme-sector-skyrockets-16-in-24-hours-hits-52b,https://coincu.com/c/knowledge/,https://coincu.com/knowledge/,200,2,yes,0,200,updated
28,277,249184,bitcoin-price-is-65k-eyes-all-time-high-69044,https://coincu.com/c/knowledge/,https://coincu.com/knowledge/,200,2,yes,0,200,updated
28,278,249170,binance-web3-wallet-complete-blast-network,https://coincu.com/c/knowledge/,https://coincu.com/knowledge/,200,2,yes,0,200,updated
28,279,249064,bitcoin-skyrockets-to-64000-igniting-frenzy,https://coincu.com/c/knowledge/,https://coincu.com/knowledge/,200,2,yes,0,200,updated
28,280,249053,vitalik-endorses-reddits-bold-contributor,https://coincu.com/c/knowledge/,https://coincu.com/knowledge/,200,2,yes,0,200,updated
29,281,249023,bitcoin-is-now-less-than-10-away-from-a-new-ath,https://coincu.com/c/knowledge/,https://coincu.com/knowledge/,200,2,yes,0,200,updated
29,282,249017,blackrock-and-fidelity-seize-79-of-bitcoin-etf,https://coincu.com/c/knowledge/,https://coincu.com/knowledge/,200,2,yes,0,200,updated
29,283,249011,nigeria-summons-binance-ceo-money-laundering,https://coincu.com/c/knowledge/,https://coincu.com/knowledge/,200,2,yes,0,200,updated
29,284,249002,dwf-labs-transfers-2-05m-fets-to-binance-holding,https://coincu.com/c/knowledge/,https://coincu.com/knowledge/,200,2,yes,0,200,updated
29,285,248891,sec-fires-at-hg-vora-over-damning-lapses,https://coincu.com/c/knowledge/,https://coincu.com/knowledge/,200,2,yes,0,200,updated
29,286,248874,btc-block-options-volume-soars-to-500m,https://coincu.com/c/knowledge/,https://coincu.com/knowledge/,200,2,yes,0,200,updated
29,287,248866,blackrock-spot-bitcoin-etf-now-holds-over-10-b,https://coincu.com/c/knowledge/,https://coincu.com/knowledge/,200,2,yes,0,200,updated
29,288,248425,grayscale-gbtc-fund-drains-amidst-bitcoin-etf,https://coincu.com/c/knowledge/,https://coincu.com/knowledge/,200,2,yes,0,200,updated
29,289,248400,tornado-cash-back-end-attack-user-deposits-risk,https://coincu.com/c/knowledge/,https://coincu.com/knowledge/,200,2,yes,0,200,updated
29,290,248394,grayscale-transfers-39-99m-btc-to-coinbase-prime,https://coincu.com/c/knowledge/,https://coincu.com/knowledge/,200,2,yes,0,200,updated
30,291,248388,settlemint-unites-forces-with-polygon-zkevm,https://coincu.com/c/knowledge/,https://coincu.com/knowledge/,200,2,yes,0,200,updated
30,292,248368,opensea-delists-fractional-uprising-nft,https://coincu.com/c/knowledge/,https://coincu.com/knowledge/,200,2,yes,0,200,updated
30,293,248359,genesis-global-capital-battles-dcg-creditor,https://coincu.com/c/knowledge/,https://coincu.com/knowledge/,200,2,yes,0,200,updated
30,294,248245,ordinals-minting-raking-in-6200-btc-in-fees,https://coincu.com/c/knowledge/,https://coincu.com/knowledge/,200,2,yes,0,200,updated
30,295,248208,spot-bitcoin-etfs-revolutionize-market-proshares,https://coincu.com/c/knowledge/,https://coincu.com/knowledge/,200,2,yes,0,200,updated
30,296,248198,sbf-and-mashinsky-opt-for-continuity-in-legal,https://coincu.com/c/knowledge/,https://coincu.com/knowledge/,200,2,yes,0,200,updated
30,297,248190,foresight-ventures-dissociates-oxfun-fundraising,https://coincu.com/c/knowledge/,https://coincu.com/knowledge/,200,2,yes,0,200,updated
30,298,248182,aprobomberos-makes-crypto-history-receives-bitcoin-donation-from-proof-of-workforce,https://coincu.com/c/knowledge/,https://coincu.com/knowledge/,200,2,yes,0,200,updated
30,299,247894,justin-sun-champions-developer-autonomy,https://coincu.com/c/knowledge/,https://coincu.com/knowledge/,200,2,yes,0,200,updated
30,300,247888,shanghai-data-exchange-launches-maiden-digital,https://coincu.com/c/knowledge/,https://coincu.com/knowledge/,200,2,yes,0,200,updated
31,301,247772,3ac-liquidator-holds-75m-wld-valued-at-550m,https://coincu.com/c/knowledge/,https://coincu.com/knowledge/,200,2,yes,0,200,updated
31,302,247767,digital-asset-investments-2-45b-u-s-bitcoin-etfs,https://coincu.com/c/knowledge/,https://coincu.com/knowledge/,200,2,yes,0,200,updated
31,303,247760,ethena-labs-secures-14m-funding-launches-mainnet,https://coincu.com/c/knowledge/,https://coincu.com/knowledge/,200,2,yes,0,200,updated
31,304,247750,south-koreas-ruling-us-approved-bitcoin-spot-etf,https://coincu.com/c/knowledge/,https://coincu.com/knowledge/,200,2,yes,0,200,updated
31,305,247563,revolut-crypto-exchange-advanced-traders,https://coincu.com/c/knowledge/,https://coincu.com/knowledge/,200,2,yes,0,200,updated
31,306,247554,barstool-sports-owner-regrets-bitcoin,https://coincu.com/c/knowledge/,https://coincu.com/knowledge/,200,2,yes,0,200,updated
31,307,247548,bitcoin-surges-to-52k-us-ppi-dip-as-fed-rate-cut,https://coincu.com/c/knowledge/,https://coincu.com/knowledge/,200,2,yes,0,200,updated
31,308,247541,coinbase-to-introduce-polkadot-internet-computer,https://coincu.com/c/knowledge/,https://coincu.com/knowledge/,200,2,yes,0,200,updated
31,309,247496,dwf-ventures-unveils-remarkable-growth-of-lrt,https://coincu.com/c/knowledge/,https://coincu.com/knowledge/,200,2,yes,0,200,updated
31,310,247435,bitcoin-call-options-flourish-at-60k-and-80k,https://coincu.com/c/knowledge/,https://coincu.com/knowledge/,200,2,yes,0,200,updated
32,311,247428,cryptoquant-report-bitcoin-etfs-dominate-75,https://coincu.com/c/knowledge/,https://coincu.com/knowledge/,200,2,yes,0,200,updated
32,312,247413,jpmorgan-upgrades-coinbase-stock-rating-neutral,https://coincu.com/c/knowledge/,https://coincu.com/knowledge/,200,2,yes,0,200,updated
32,313,246512,kiloex-review,https://coincu.com/c/knowledge/,https://coincu.com/knowledge/,200,1,yes,0,200,updated
32,314,247263,grayscale-transfers-878-2-btc-to-coinbase-prime,https://coincu.com/c/knowledge/,https://coincu.com/knowledge/,200,2,yes,0,200,updated
32,315,247257,dwf-labs-transferred-134000-cyber-from-binance,https://coincu.com/c/knowledge/,https://coincu.com/knowledge/,200,2,yes,0,200,updated
32,316,247251,us-cpi-surges-to-3-1-defying-expectations,https://coincu.com/c/knowledge/,https://coincu.com/knowledge/,200,2,yes,0,200,updated
32,317,247246,bitcoin-price-skyrockets-beyond-50k,https://coincu.com/c/knowledge/,https://coincu.com/knowledge/,200,2,yes,0,200,updated_retry1
32,318,246327,sleepless-ai-review,https://coincu.com/c/knowledge/,https://coincu.com/knowledge/,200,1,yes,0,200,updated
32,319,247171,cex-data-trading-volume-website-traffic,https://coincu.com/c/knowledge/,https://coincu.com/knowledge/,200,2,yes,0,200,updated
32,320,247159,bitcoin-breaks-through-49000,https://coincu.com/c/knowledge/,https://coincu.com/knowledge/,200,2,yes,0,200,updated
33,321,246187,nfprompt-review-web3-platform,https://coincu.com/c/knowledge/,https://coincu.com/knowledge/,200,1,yes,0,200,updated
33,322,247085,ether-fi-twitter-account-locked,https://coincu.com/c/knowledge/,https://coincu.com/knowledge/,200,2,yes,0,200,updated
33,323,247078,bitcoin-halving-2024-unique-fundamentals-and-etf-surge-impact-market-dynamics,https://coincu.com/c/knowledge/,https://coincu.com/knowledge/,200,2,yes,0,200,updated
33,324,245851,drift-protocol-review,https://coincu.com/c/knowledge/,https://coincu.com/knowledge/,200,1,yes,0,200,updated
33,325,247030,eigenlayer-tvl-reaches-6-b-with-new-restaking,https://coincu.com/c/knowledge/,https://coincu.com/knowledge/,200,2,yes,0,200,updated
33,326,247024,unknown-wallet-sends-eth-coinbase-institutional,https://coincu.com/c/knowledge/,https://coincu.com/knowledge/,200,2,yes,0,200,updated
33,327,247017,north-korean-hackers-face-un-3-b-cyberattacks,https://coincu.com/c/knowledge/,https://coincu.com/knowledge/,200,2,yes,0,200,updated
33,328,247012,voyager-debuts-strk-airdrop-dashboard,https://coincu.com/c/knowledge/,https://coincu.com/knowledge/,200,2,yes,0,200,updated
33,329,245673,jito-review,https://coincu.com/c/knowledge/,https://coincu.com/knowledge/,200,1,yes,0,200,updated
33,330,246967,bitcoin-breaks-through-47000-rising-24-hours,https://coincu.com/c/knowledge/,https://coincu.com/knowledge/,200,2,yes,0,200,updated
34,331,246961,hong-kong-authorities-mexcs-virtual-asset-fraud,https://coincu.com/c/knowledge/,https://coincu.com/knowledge/,200,2,yes,0,200,updated
34,332,245668,earn-network-review,https://coincu.com/c/knowledge/,https://coincu.com/knowledge/,200,1,yes,0,200,updated
34,333,246885,starknet-scam-alert-beware-of-fake-token-airdrop,https://coincu.com/c/knowledge/,https://coincu.com/knowledge/,200,2,yes,0,200,updated
34,334,246866,montenegro-blocks-do-kwon-to-south-korea-us,https://coincu.com/c/knowledge/,https://coincu.com/knowledge/,200,2,yes,0,200,updated
34,335,246850,superform-labs-raises-6-5m-redefining-yield,https://coincu.com/c/knowledge/,https://coincu.com/knowledge/,200,2,yes,0,200,updated
34,336,246823,spot-bitcoin-etfs-traded-over-1-billion-volume,https://coincu.com/c/knowledge/,https://coincu.com/knowledge/,200,2,yes,0,200,updated
34,337,246811,hong-kong-new-regulations-spark-licensing,https://coincu.com/c/knowledge/,https://coincu.com/knowledge/,200,2,yes,0,200,updated
34,338,246715,genesis-creditors-may-unfairly-benefit-from-dcgs,https://coincu.com/c/knowledge/,https://coincu.com/knowledge/,200,2,yes,0,200,updated
34,339,246556,binance-web3-wallet-airdrop-1-million-polyhedra,https://coincu.com/c/knowledge/,https://coincu.com/knowledge/,200,2,yes,0,200,updated
34,340,246542,treasure-infinity-chains-white-paper,https://coincu.com/c/knowledge/,https://coincu.com/knowledge/,200,2,yes,0,200,updated
35,341,246528,he-yi-unleashes-6-shielding-currency-listings,https://coincu.com/c/knowledge/,https://coincu.com/knowledge/,200,2,yes,0,200,updated
35,342,246418,south-korea-enforces-approval-protocol-crypto,https://coincu.com/c/knowledge/,https://coincu.com/knowledge/,200,2,yes,0,200,updated
35,343,246409,dydx-foundations-30m-budget-proposal-greenlit,https://coincu.com/c/knowledge/,https://coincu.com/knowledge/,200,2,yes,0,200,updated
35,344,246403,binance-completes-ava-bep20-network,https://coincu.com/c/knowledge/,https://coincu.com/knowledge/,200,2,yes,0,200,updated
35,345,246386,pro-bitcoin-nayib-bukele-re-elected-as-president,https://coincu.com/c/knowledge/,https://coincu.com/knowledge/,200,4,yes,0,200,updated
35,346,246378,sui-skyrockets-to-500m-defi-total-value-locked,https://coincu.com/c/knowledge/,https://coincu.com/knowledge/,200,2,yes,0,200,updated_retry1
35,347,246145,venture-smart-financial-target-spot-ethereum-etf,https://coincu.com/c/knowledge/,https://coincu.com/knowledge/,200,2,yes,0,200,updated
35,348,246050,bybit-hong-kong-virtual-asset-trading-license,https://coincu.com/c/knowledge/,https://coincu.com/knowledge/,200,2,yes,0,200,updated
35,349,246028,binance-web3-wallet-now-supports-brc-20-assets,https://coincu.com/c/knowledge/,https://coincu.com/knowledge/,200,2,yes,0,200,updated
35,350,246018,dz-bank-hopes-to-launch-a-pilot-phase-bitcoin,https://coincu.com/c/knowledge/,https://coincu.com/knowledge/,200,4,yes,0,200,updated
36,351,245973,andrew-tates-net-worth-how-he-built-his-wealth,https://coincu.com/c/knowledge/,https://coincu.com/knowledge/,200,1,yes,0,200,updated
36,352,246003,sui-mainnet-soars-with-v1-17-3-upgrade-success,https://coincu.com/c/knowledge/,https://coincu.com/knowledge/,200,2,yes,0,200,updated
36,353,245962,uk-police-confiscate-1-4m-in-massive-china-scam,https://coincu.com/c/knowledge/,https://coincu.com/knowledge/,200,2,yes,0,200,updated
36,354,245956,ark-invests-19-4-allocation-revelation-for-2023,https://coincu.com/c/knowledge/,https://coincu.com/knowledge/,200,2,yes,0,200,updated
36,355,245843,digital-pounds-privacy-solutions-unveiled,https://coincu.com/c/knowledge/,https://coincu.com/knowledge/,200,2,yes,0,200,updated
36,356,245832,okx-por-15-surpasses-100-bch-added-first-time,https://coincu.com/c/knowledge/,https://coincu.com/knowledge/,200,2,yes,0,200,updated
36,357,245824,solana-mobiles-chapter-2-list-grants-sbt-nfts,https://coincu.com/c/knowledge/,https://coincu.com/knowledge/,200,2,yes,0,200,updated_retry1
36,358,245795,us-bitcoin-etfs-uncover-hidden-dangers,https://coincu.com/c/knowledge/,https://coincu.com/knowledge/,200,2,yes,0,200,updated
36,359,245787,bitget-banned-on-apple-iphone-alerts-vanish,https://coincu.com/c/knowledge/,https://coincu.com/knowledge/,200,2,yes,0,200,updated
36,360,245658,u-s-bitcoin-etfs-draw-255m-inflows-in-12-days,https://coincu.com/c/knowledge/,https://coincu.com/knowledge/,200,2,yes,0,200,updated
37,361,245638,polymarket-trader-places-55-odds-on-trumps,https://coincu.com/c/knowledge/,https://coincu.com/knowledge/,200,2,yes,0,200,updated
37,362,245623,google-greenlights-bitcoin-etf-ads,https://coincu.com/c/knowledge/,https://coincu.com/knowledge/,200,2,yes,0,200,updated
37,363,245610,bitwise-ceo-bitb-bitwise-bitcoin-etf-600-m,https://coincu.com/c/knowledge/,https://coincu.com/knowledge/,200,2,yes,0,200,updated
37,364,245598,vaneck-ceo-passionately-bullish-bitcoin,https://coincu.com/c/knowledge/,https://coincu.com/knowledge/,200,2,yes,0,200,updated
37,365,245487,grayscale-fuels-coinbase-prime-with-274-9-m,https://coincu.com/c/knowledge/,https://coincu.com/knowledge/,200,2,yes,0,200,updated
37,366,245482,blackrock-now-holds-52-025-spot-bitcoin-etf,https://coincu.com/c/knowledge/,https://coincu.com/knowledge/,200,2,yes,0,200,updated
37,367,245473,jihan-wu-assumes-ceo-role-at-bitdeer-leadership,https://coincu.com/c/knowledge/,https://coincu.com/knowledge/,200,2,yes,0,200,updated
37,368,245464,tether-generates-1-billion-usdt-on-tron-network,https://coincu.com/c/knowledge/,https://coincu.com/knowledge/,200,2,yes,0,200,updated
37,369,245457,kennedy-declares-end-to-us-cbdc-drive,https://coincu.com/c/knowledge/,https://coincu.com/knowledge/,200,2,yes,0,200,updated
37,370,245412,binance-linkedin-alert-avoid-investment-pitfalls,https://coincu.com/c/knowledge/,https://coincu.com/knowledge/,200,2,yes,0,200,updated
38,371,245292,carl-runefelt-net-worth-how-he-built-his-wealth,https://coincu.com/c/knowledge/,https://coincu.com/knowledge/,200,1,yes,0,200,updated
38,372,245179,estonian-government-greenlights-hashflare,https://coincu.com/c/knowledge/,https://coincu.com/knowledge/,200,2,yes,0,200,updated
38,373,245174,hong-kong-regulators-floki-tokenfi-staking,https://coincu.com/c/knowledge/,https://coincu.com/knowledge/,200,2,yes,0,200,updated
38,374,245140,polygon-skyrockets-surpassing-ethereum-in-2023,https://coincu.com/c/knowledge/,https://coincu.com/knowledge/,200,2,yes,0,200,updated
38,375,244409,xai-review-layer-3-platform,https://coincu.com/c/knowledge/,https://coincu.com/knowledge/,200,1,yes,0,200,updated
38,376,244240,popular-bitcoin-etfs-exploring-the-pros-and-cons,https://coincu.com/c/knowledge/,https://coincu.com/knowledge/,200,1,yes,0,200,updated
38,377,244237,best-bitcoin-etfs-to-buy,https://coincu.com/c/knowledge/,https://coincu.com/knowledge/,200,1,yes,0,200,updated
38,378,244786,phishing-scam-robs-victim-of-1-1-million-crypto,https://coincu.com/c/knowledge/,https://coincu.com/knowledge/,200,4,yes,0,200,updated
38,379,244755,bitcoin-atm-exposed-to-total-control-threat,https://coincu.com/c/knowledge/,https://coincu.com/knowledge/,200,2,yes,0,200,updated
38,380,244688,ark-invest-invests-10-6m-in-bitcoin-spot-etf,https://coincu.com/c/knowledge/,https://coincu.com/knowledge/,200,2,yes,0,200,updated
39,381,244635,sec-delays-blackrocks-ethereum-etf-decision,https://coincu.com/c/knowledge/,https://coincu.com/knowledge/,200,2,yes,0,200,updated
39,382,244592,gbtc-volume-trading-plummets-unveiling-potential,https://coincu.com/c/knowledge/,https://coincu.com/knowledge/,200,2,yes,0,200,updated
39,383,244258,hashkey-group-and-okx-partnership-virtual-asset,https://coincu.com/c/knowledge/,https://coincu.com/knowledge/,200,2,yes,0,200,updated
39,384,242499,30-50x-meme-coin-list,https://coincu.com/c/knowledge/,https://coincu.com/knowledge/,200,2,yes,0,200,updated
39,385,243968,ordinals-minting-surpasses-5822-56-btc-fee,https://coincu.com/c/knowledge/,https://coincu.com/knowledge/,200,2,yes,0,200,updated
39,386,243962,aaves-approval-for-aave-v3-mvp-on-neon-evm,https://coincu.com/c/knowledge/,https://coincu.com/knowledge/,200,2,yes,0,200,updated
39,387,242854,global-tensions-signal-economic-chaos,https://coincu.com/c/knowledge/,https://coincu.com/knowledge/,200,2,yes,0,200,updated
39,388,241686,crypto-to-crypto-converter,https://coincu.com/c/knowledge/,https://coincu.com/knowledge/,200,1,yes,0,200,updated
39,389,241826,fiat-to-fiat-converter-detailed-guide,https://coincu.com/c/knowledge/,https://coincu.com/knowledge/,200,1,yes,0,200,updated
39,390,241282,solana-vs-ethereum,https://coincu.com/c/knowledge/,https://coincu.com/knowledge/,200,1,yes,0,200,updated
40,391,241615,layer-2-protocols-and-why-they-are-important,https://coincu.com/c/knowledge/,https://coincu.com/knowledge/,200,1,yes,0,200,updated
40,392,241855,hasbulla-net-worth,https://coincu.com/c/knowledge/,https://coincu.com/knowledge/,200,1,yes,0,200,updated
40,393,241446,solana-staking-how-to-stake-sol-for-best-rewards,https://coincu.com/c/knowledge/,https://coincu.com/knowledge/,200,2,yes,0,200,updated
40,394,240765,solana-tps-how-many-tps-can-solana-handle,https://coincu.com/c/knowledge/,https://coincu.com/knowledge/,200,2,yes,0,200,updated
40,395,240273,2024-cryptocurrency-market-outlook,https://coincu.com/c/knowledge/,https://coincu.com/knowledge/,200,1,yes,0,200,updated
40,396,241227,possible-reasons-for-spot-bitcoin-etf-rejection,https://coincu.com/c/knowledge/,https://coincu.com/knowledge/,200,1,yes,0,200,updated
40,397,240285,how-to-close-crypto-com-account,https://coincu.com/c/knowledge/,https://coincu.com/knowledge/,200,1,yes,0,200,updated
40,398,235163,real-world-assets-tokenization-analysis,https://coincu.com/c/knowledge/,https://coincu.com/knowledge/,200,1,yes,0,200,updated
40,399,240563,what-is-solana-crypto-and-how-great-it-is,https://coincu.com/c/knowledge/,https://coincu.com/knowledge/,200,2,yes,0,200,updated
40,400,240514,crypto-affiliate-programs-in-2024,https://coincu.com/c/knowledge/,https://coincu.com/knowledge/,200,1,yes,0,200,updated
41,401,240061,how-to-use-walletdat-file,https://coincu.com/c/knowledge/,https://coincu.com/knowledge/,200,1,yes,0,200,updated
41,402,239920,how-to-buy-crypto-with-amex,https://coincu.com/c/knowledge/,https://coincu.com/knowledge/,200,1,yes,0,200,updated
41,403,239847,binance-account-how-to-delete-safely,https://coincu.com/c/knowledge/,https://coincu.com/knowledge/,200,2,yes,0,200,updated
41,404,240045,top-cryptocurrency-trends-to-watch-in-2024,https://coincu.com/c/knowledge/,https://coincu.com/knowledge/,200,1,yes,0,200,updated
41,405,239475,transfer-crypto-to-robinhood-crypto,https://coincu.com/c/knowledge/,https://coincu.com/knowledge/,200,2,yes,0,200,updated
41,406,239426,socialfi-landscape-potential-opportunity,https://coincu.com/c/knowledge/,https://coincu.com/knowledge/,200,1,yes,0,200,updated
41,407,239268,socialfi-platforms-knowledge,https://coincu.com/c/knowledge/,https://coincu.com/knowledge/,200,1,yes,0,200,updated
41,408,238975,what-is-socialfi-crypto,https://coincu.com/c/knowledge/,https://coincu.com/knowledge/,200,1,yes,0,200,updated
41,409,238118,liquid-staking-derivatives-the-rise-of-defi,https://coincu.com/c/knowledge/,https://coincu.com/knowledge/,200,1,yes,0,200,updated
41,410,237163,liquid-staking-token-increase-liquidity,https://coincu.com/c/knowledge/,https://coincu.com/knowledge/,200,2,yes,0,200,updated
42,411,236691,account-abstraction-erc-4337,https://coincu.com/c/knowledge/,https://coincu.com/knowledge/,200,1,yes,0,200,updated
42,412,235927,5-basic-strategies-for-mmo-crypto,https://coincu.com/c/knowledge/,https://coincu.com/knowledge/,200,1,yes,0,200,updated
42,413,235990,ethereum-account-abstraction,https://coincu.com/c/knowledge/,https://coincu.com/knowledge/,200,1,yes,0,200,updated
42,414,235751,what-is-account-abstraction,https://coincu.com/c/knowledge/,https://coincu.com/knowledge/,200,2,yes,0,200,updated
42,415,234842,what-is-disney-nft-and-how-to-buy-this-cool-nft,https://coincu.com/c/knowledge/,https://coincu.com/knowledge/,200,2,yes,0,200,updated
42,416,235626,how-to-stake-shiba-inu,https://coincu.com/c/knowledge/,https://coincu.com/knowledge/,200,1,yes,0,200,updated
42,417,234645,real-world-assets-explained,https://coincu.com/c/knowledge/,https://coincu.com/knowledge/,200,1,yes,0,200,updated
42,418,233851,spot-bitcoin-etf-approval-timelines-key-dates,https://coincu.com/c/knowledge/,https://coincu.com/knowledge/,200,1,yes,0,200,updated
42,419,233790,layer-1-and-layer-2-blockchain-their-differences,https://coincu.com/c/knowledge/,https://coincu.com/knowledge/,200,1,yes,0,200,updated
42,420,226424,linea-airdrop-guide-huge-potential,https://coincu.com/c/knowledge/,https://coincu.com/knowledge/,200,1,yes,0,200,updated
43,421,226672,metamask-airdrop-guide-qualify-for-mask,https://coincu.com/c/knowledge/,https://coincu.com/knowledge/,200,1,yes,0,200,updated
43,422,226370,scroll-airdrop-guide,https://coincu.com/c/knowledge/,https://coincu.com/knowledge/,200,3,yes,0,200,updated
43,423,226263,top-5-best-crypto-exchanges-in-uk,https://coincu.com/c/knowledge/,https://coincu.com/knowledge/,200,2,yes,0,200,updated
43,424,225768,top-5-music-nft-projects-should-you-know,https://coincu.com/c/knowledge/,https://coincu.com/knowledge/,200,1,yes,0,200,updated
43,425,223337,5-paradigm-backed-projects-to-watch,https://coincu.com/c/knowledge/,https://coincu.com/knowledge/,200,3,yes,0,200,updated
43,426,223336,nftfi-review-top-5-projects-to-keep-an-eye,https://coincu.com/c/knowledge/,https://coincu.com/knowledge/,200,1,yes,0,200,updated
43,427,225480,airdrop-in-crypto,https://coincu.com/c/knowledge/,https://coincu.com/knowledge/,200,2,yes,0,200,updated
43,428,225007,top-best-litecoin-casinos,https://coincu.com/c/knowledge/,https://coincu.com/knowledge/,200,1,yes,0,200,updated
43,429,224962,top-5-best-plinko-gambling-sites,https://coincu.com/c/knowledge/,https://coincu.com/knowledge/,200,1,yes,0,200,updated
43,430,224983,two-months-2nd-final-spot-bitcoin-etf-deadline,https://coincu.com/c/knowledge/,https://coincu.com/knowledge/,200,1,yes,0,200,updated
44,431,158863,top-7-terrific-ethereum-games,https://coincu.com/c/knowledge/,https://coincu.com/knowledge/,200,1,yes,0,200,updated
44,432,168333,top-featured-metaverse-projects-on-solana,https://coincu.com/c/knowledge/,https://coincu.com/knowledge/,200,1,yes,0,200,updated
44,433,157184,top-10-excellent-nft-projects-on-ethereum,https://coincu.com/c/knowledge/,https://coincu.com/knowledge/,200,1,yes,0,200,updated
44,434,224023,top-5-crash-gambling-sites,https://coincu.com/c/knowledge/,https://coincu.com/knowledge/,200,1,yes,0,200,updated
44,435,224022,top-5-bitcoin-esports-betting-sites,https://coincu.com/c/knowledge/,https://coincu.com/knowledge/,200,1,yes,0,200,updated
44,436,223109,top-5-best-crypto-podcasts-you-should-know,https://coincu.com/c/knowledge/,https://coincu.com/knowledge/,200,1,yes,0,200,updated
44,437,24021,big-time,https://coincu.com/c/knowledge/,https://coincu.com/knowledge/,200,0,no,0,200_recheck,already_fixed_or_not_found_in_content_retry1
44,438,176418,top-layerzero-based-projects-airdop,https://coincu.com/c/knowledge/,https://coincu.com/knowledge/,200,1,yes,0,200,updated
44,439,176474,arbitrum-ecosystem-top-5-projects,https://coincu.com/c/knowledge/,https://coincu.com/knowledge/,200,1,yes,0,200,updated
44,440,205272,lsdfi-top-4-potential-dexes-in-the-field,https://coincu.com/c/knowledge/,https://coincu.com/knowledge/,200,1,yes,0,200,updated
44,441,223335,best-cex-token-in-2024,https://coincu.com/c/knowledge/,https://coincu.com/knowledge/,200,2,yes,0,200,updated
45,442,223221,top-5-crypto-venture-capital-firms,https://coincu.com/c/knowledge/,https://coincu.com/knowledge/,200,1,yes,0,200,updated
45,443,222814,top-5-best-crypto-audit-companies,https://coincu.com/c/knowledge/,https://coincu.com/knowledge/,200,1,yes,0,200,updated
45,444,222810,top-7-crypto-influencers-you-should-know,https://coincu.com/c/knowledge/,https://coincu.com/knowledge/,200,3,yes,0,200,updated
45,445,67843,what-is-solice-slc,https://coincu.com/c/knowledge/,https://coincu.com/knowledge/,200,1,yes,0,200,updated
45,446,222788,top-5-best-crypto-news-platforms,https://coincu.com/c/knowledge/,https://coincu.com/knowledge/,200,3,yes,0,200,updated
45,447,222376,sam-bankman-frieds-witnesses,https://coincu.com/c/knowledge/,https://coincu.com/knowledge/,200,1,yes,0,200,updated
45,448,222303,sam-bankman-fried-private-life,https://coincu.com/c/knowledge/,https://coincu.com/knowledge/,200,1,yes,0,200,updated
45,449,222011,best-layer-1-crypto-you-should-know,https://coincu.com/c/knowledge/,https://coincu.com/knowledge/,200,1,yes,0,200,updated
45,450,221547,upcoming-layer-2-tokens,https://coincu.com/c/knowledge/,https://coincu.com/knowledge/,200,1,yes,0,200,updated
45,451,221202,notable-real-world-assets-crypto-projects,https://coincu.com/c/knowledge/,https://coincu.com/knowledge/,200,2,yes,0,200,updated
46,452,221164,top-layer-2-crypto-projects-in-2024,https://coincu.com/c/knowledge/,https://coincu.com/knowledge/,200,2,yes,0,200,updated
46,453,218985,jackpots-chasing-btcs-biggest-casino-prizes,https://coincu.com/c/knowledge/,https://coincu.com/knowledge/,200,1,yes,0,200,updated
46,454,217881,how-the-worlds-crypto-billionaires-made-fortunes,https://coincu.com/c/knowledge/,https://coincu.com/knowledge/,200,1,yes,0,200,updated
46,455,217020,august-landscape-nft-markets-bear-market-bottom,https://coincu.com/c/knowledge/,https://coincu.com/knowledge/,200,3,yes,0,200,updated
46,456,166708,top-10-best-web3-coins-worth-investing-in-2024,https://coincu.com/c/knowledge/,https://coincu.com/knowledge/,200,1,yes,0,200,updated
46,457,211843,will-layer-2-shibarium-overcome-difficulties,https://coincu.com/c/knowledge/,https://coincu.com/knowledge/,200,2,yes,0,200,updated
46,458,211727,can-debank-chain-create-new-breakthroughs,https://coincu.com/c/knowledge/,https://coincu.com/knowledge/,200,1,yes,0,200,updated
46,459,211384,friendtech-is-getting-troubled-with-base,https://coincu.com/c/knowledge/,https://coincu.com/knowledge/,200,1,yes,0,200,updated
46,460,211079,friendtech-booming-socialfi-on-layer-2-base,https://coincu.com/c/knowledge/,https://coincu.com/knowledge/,200,1,yes,0,200,updated
46,461,210139,how-to-use-telegram-unibot-to-maximize-profit,https://coincu.com/c/knowledge/,https://coincu.com/knowledge/,200,1,yes,0,200,updated
47,462,208265,outstanding-features-crypto-options-contracts,https://coincu.com/c/knowledge/,https://coincu.com/knowledge/,200,1,yes,0,200,updated
47,463,208372,crypto-options-advantage-and-risk,https://coincu.com/c/knowledge/,https://coincu.com/knowledge/,200,1,yes,0,200,updated
47,464,208199,perpetual-futures-contracts-benefits-and-risks,https://coincu.com/c/knowledge/,https://coincu.com/knowledge/,200,1,yes,0,200,updated
47,465,208189,why-is-arbitrum-dominance-optimism,https://coincu.com/c/knowledge/,https://coincu.com/knowledge/,200,1,yes,0,200,updated
47,466,207804,rwa-detailed-working-mechanism,https://coincu.com/c/knowledge/,https://coincu.com/knowledge/,200,1,yes,0,200,updated
47,467,207375,perpetual-contracts-work-makes-attractive,https://coincu.com/c/knowledge/,https://coincu.com/knowledge/,200,1,yes,0,200,updated
47,468,206875,difference-between-lsd-and-lst-term,https://coincu.com/c/knowledge/,https://coincu.com/knowledge/,200,1,yes,0,200,updated
