post_id,post_name,issue_types,issue_count,sample_1,sample_2,sample_3,live_rest_status,live_post_status,live_slug,live_url,recommended_action,priority,classification_notes,recommended_action,priority,classification_notes
401112,why-is-terra-classic-lunc-pumping-today,raw_url_after_colon,1," queries for Terra Classic. The key supply-side endpoint checks were:</p> <ul class=""wp-block-list""> <li>Staking pool: https://terra-classic-lcd.publicnode.com/cosmos/staking/v1beta1/pool</li> <li>Mint inflation: https://terra-classic-lcd.publicnode.com/cosmos/mint/v1beta1/inflation</li> <li>Annual provisions: https://terra-classic-lcd.publicnode.com/cosmos/m",,,200,publish,why-is-terra-classic-lunc-pumping-today,https://coincu.com/why-is-terra-classic-lunc-pumping-today/,worth_fixing_bulk,MEDIUM,Single raw URL after colon; fixable with a straightforward source-link rewrite.,worth_fixing_bulk,MEDIUM,Single raw URL after colon; fixable with a straightforward source-link rewrite.
400270,binance-33-web3-business-partners-liquidity-system,raw_url_after_colon,1,"nguage evidence, but official documents still show a narrower Binance network linking incubation and liquidity; evidence: https://www.bnbchain.org/en/blog/bnb-chain-launches-web3-incubator-in-europe.</strong></p> <h2>What the documents actually show</h2> <p><a href=""https://www.bnbchain.org/en/blog/bnb-chain-launches-web3-incubator-in-europe"" target=""_blank"" rel=""noopener"">BNB",,,200,publish,binance-33-web3-business-partners-liquidity-system,https://coincu.com/binance-33-web3-business-partners-liquidity-system/,worth_fixing_bulk,MEDIUM,Single raw URL after colon; fixable with a straightforward source-link rewrite.,worth_fixing_bulk,MEDIUM,Single raw URL after colon; fixable with a straightforward source-link rewrite.
400220,solana-toly-stablecoin-court-authorization-freeze,raw_url_in_parentheses,1,"earch set, so the claim remains partially verified and narrower than freeze standards documented elsewhere in the brief (https://www.binance.com/en/square/post/312128382104034).</p> <h2>What Is Verified So Far</h2> <p>According to <a href=""https://www.binance.com/en/square/post/312128382104034"" target=""_blank"" rel=""noopener"">an unconfirmed Binance Square",,,200,publish,solana-toly-stablecoin-court-authorization-freeze,https://coincu.com/solana-toly-stablecoin-court-authorization-freeze/,worth_fixing_bulk,MEDIUM,Single raw URL in parentheses; fixable with a straightforward source-link rewrite.,worth_fixing_bulk,MEDIUM,Single raw URL in parentheses; fixable with a straightforward source-link rewrite.
398744,worldcoin-wld-eyed-amid-eightco-pivot-nav-premium,raw_url_in_parentheses,1,"-placement-as-first-worldcoin-wld-treasury-strategy/"">private placement</a> tied to a planned $250 million WLD purchase (https://www.thestreet.com/crypto/markets/tom-lee-backed-penny-stock-surges-5700-after-key-worldcoin-investment). The move reframes Eightco <a href=""https://coincu.com/pr/ada-price-prediction-wld-rally-why-blockdag-leads-as-a-top-crypto-performer/"">as a</a> digital-<a href=""https://coincu.co",,,200,publish,worldcoin-wld-eyed-amid-eightco-pivot-nav-premium,https://coincu.com/worldcoin-wld-eyed-amid-eightco-pivot-nav-premium/,worth_fixing_bulk,MEDIUM,Single raw URL in parentheses; fixable with a straightforward source-link rewrite.,worth_fixing_bulk,MEDIUM,Single raw URL in parentheses; fixable with a straightforward source-link rewrite.
398668,bytedance-sells-moonton-for-6-7b-amid-ai-pivot,raw_url_in_parentheses,1,"moonton-to-saudi-arabias-savvy-games--bloomberg-93CH-4379974"" target=""_blank"" rel=""nofollow noopener"">Investing.com</a> (https://www.investing.com/news/company-news/bytedance-in-talks-to-sell-moonton-to-saudi-arabias-savvy-games&#8211;bloomberg-93CH-4379974), investors view the ByteDance Moonton sale as consistent with tighter cost discipline and operational focus.</p><p>Prioritizing higher-margin, scalable businesses such as short-fo",,,200,publish,bytedance-sells-moonton-for-6-7b-amid-ai-pivot,https://coincu.com/bytedance-sells-moonton-for-6-7b-amid-ai-pivot/,worth_fixing_bulk,MEDIUM,Single raw URL in parentheses; fixable with a straightforward source-link rewrite.,worth_fixing_bulk,MEDIUM,Single raw URL in parentheses; fixable with a straightforward source-link rewrite.
398334,phantom-gets-cftc-relief-on-introducing-broker-rules,raw_url_after_colon,1,could support the U.S. as a “global leader in responsible crypto innovation” (Phantom; see summary of remarks via Reddit: https://www.reddit.com/r/solana/comments/1rwcjlv/phantom<em>secures</em>cftc<em>noaction</em>relief<em>for</em>access/).</p><p>Users should still anticipate standard risk disclosures associated with derivatives and event contracts. Inte,,,200,publish,phantom-gets-cftc-relief-on-introducing-broker-rules,https://coincu.com/phantom-gets-cftc-relief-on-introducing-broker-rules/,worth_fixing_bulk,MEDIUM,Single raw URL after colon; fixable with a straightforward source-link rewrite.,worth_fixing_bulk,MEDIUM,Single raw URL after colon; fixable with a straightforward source-link rewrite.
398242,neutron-exits-ics-after-mercury-upgrade-ngp-winds-down,raw_url_in_parentheses,1,"://www.cryptopolitan.com/neutron-temporarily-halts-services/"" target=""_blank"" rel=""nofollow noopener"">Cryptopolitan</a> (https://www.cryptopolitan.com/neutron-temporarily-halts-services/), the affected items included deposits/withdrawals for Supervaults, the orderbook, and offline swaps.</p><p>Neutron also completed its Mercury upgrade earlier, exiting Interchain S",,,200,publish,neutron-exits-ics-after-mercury-upgrade-ngp-winds-down,https://coincu.com/neutron-exits-ics-after-mercury-upgrade-ngp-winds-down/,worth_fixing_bulk,MEDIUM,Single raw URL in parentheses; fixable with a straightforward source-link rewrite.,worth_fixing_bulk,MEDIUM,Single raw URL in parentheses; fixable with a straightforward source-link rewrite.
398208,dtcpay-confirms-16-5m-pre-series-a-holds-mas-mpi-license,raw_url_in_parentheses,1,"-16-5-million-to-expand-digital-payments-service/"" target=""_blank"" rel=""nofollow noopener"">according to the company</a> (https://dtcpay.com/dtcpay-raises-16-5-million-to-expand-digital-payments-service/). The round was led by Kwee Liong Tek, Chairman of Pontiac Land Group, with participation from David Tung, Jean Marc Poullet, and Tham Sai Choy; <a href=""https://dtcpay.com/blog/dt",,,200,publish,dtcpay-confirms-16-5m-pre-series-a-holds-mas-mpi-license,https://coincu.com/dtcpay-confirms-16-5m-pre-series-a-holds-mas-mpi-license/,worth_fixing_bulk,MEDIUM,Single raw URL in parentheses; fixable with a straightforward source-link rewrite.,worth_fixing_bulk,MEDIUM,Single raw URL in parentheses; fixable with a straightforward source-link rewrite.
398114,abra-pursues-spac-with-npac-at-750m-amid-sec-review,raw_url_in_parentheses,1,"SEC-registered advisory subsidiary, a detail that could shape diligence and disclosure expectations for a SPAC process. (https://www.theblock.co/post/288706/abra-unveils-new-platforms-for-private-and-institutional-clients)</p><p>Historical funding context informs how investors may benchmark growth. CoinDesk reported a $55 million Series C in 2021 to expand wealth management and trading services, whi",,,200,publish,abra-pursues-spac-with-npac-at-750m-amid-sec-review,https://coincu.com/abra-pursues-spac-with-npac-at-750m-amid-sec-review/,worth_fixing_bulk,MEDIUM,Single raw URL in parentheses; fixable with a straightforward source-link rewrite.,worth_fixing_bulk,MEDIUM,Single raw URL in parentheses; fixable with a straightforward source-link rewrite.
397955,pharos-dat-advances-as-gcl-new-energy-deal-terms-verified,raw_url_after_colon,1,"h3><p>Coinness reports the share count and stake; Longbridge reports the consideration of about HK$193 million. Coinness: https://coinness.com/en/news/1146863 Longbridge: https://longbridge.com/en/news/271874142</p> <figure class=""wp-block-table""><table class=""has-luminous-vivid-orange-color has-text-color has-link-color has-fixed-lay",,,200,publish,pharos-dat-advances-as-gcl-new-energy-deal-terms-verified,https://coincu.com/pharos-dat-advances-as-gcl-new-energy-deal-terms-verified/,worth_fixing_bulk,MEDIUM,Single raw URL after colon; fixable with a straightforward source-link rewrite.,worth_fixing_bulk,MEDIUM,Single raw URL after colon; fixable with a straightforward source-link rewrite.
397912,minisforum-n5-max-ai-nas-faces-scrutiny-after-cncert-alert,raw_url_in_parentheses,1,"-installed-strix-halo-powered-n5-max-can-run-a-local-ai-llm"" target=""_blank"" rel=""nofollow noopener"">Tom’s Hardware</a> (https://www.tomshardware.com/pc-components/nas/minisforums-new-flagship-nas-comes-with-openclaw-pre-installed-strix-halo-powered-n5-max-can-run-a-local-ai-llm), the Minisforum N5 Max AI NAS is a real device announcement that pairs on-device AI with the OpenClaw framework. That coverage outlines platform details such as CPU class and RAM ",,,200,publish,minisforum-n5-max-ai-nas-faces-scrutiny-after-cncert-alert,https://coincu.com/minisforum-n5-max-ai-nas-faces-scrutiny-after-cncert-alert/,worth_fixing_bulk,MEDIUM,Single raw URL in parentheses; fixable with a straightforward source-link rewrite.,worth_fixing_bulk,MEDIUM,Single raw URL in parentheses; fixable with a straightforward source-link rewrite.
397882,synthetix-expands-perps-on-ethereum-as-susd-buybacks-begin,raw_url_in_parentheses,1,"ckage that includes buybacks, vault incentives, and liquidity programs, with sUSD as the primary deposit for new vaults (https://t.signalplus.com/crypto-news/detail/synthetix-susd-repeg-buybacks-perps-basis-vaults). The analysis frames these tools as reducing tail risk and creating clearer arbitrage channels around the peg.</p><p><a href=""https://www.ainvest.com/news/synthetix-strategic-retu",,,200,publish,synthetix-expands-perps-on-ethereum-as-susd-buybacks-begin,https://coincu.com/synthetix-expands-perps-on-ethereum-as-susd-buybacks-begin/,worth_fixing_bulk,MEDIUM,Single raw URL in parentheses; fixable with a straightforward source-link rewrite.,worth_fixing_bulk,MEDIUM,Single raw URL in parentheses; fixable with a straightforward source-link rewrite.
397772,cryptio-said-to-raise-45m-in-series-b-led-by-blackfin,raw_url_in_parentheses,1,"25; the $15 million extension was led by Alven, with participation from 1kx, Ledger, Cathay Capital, and BitGo Ventures (https://www.thebigwhale.io/articles-en/series-a-cryptio-raises-a-further-15-million). In that context, a subsequent Series B, if confirmed, would follow an established fundraising trajectory for accounting software providers.</p><p>“Business accelerated in 2024 … ",,,200,publish,cryptio-said-to-raise-45m-in-series-b-led-by-blackfin,https://coincu.com/cryptio-said-to-raise-45m-in-series-b-led-by-blackfin/,worth_fixing_bulk,MEDIUM,Single raw URL in parentheses; fixable with a straightforward source-link rewrite.,worth_fixing_bulk,MEDIUM,Single raw URL in parentheses; fixable with a straightforward source-link rewrite.
397720,cryptio-funding-faces-review-as-45m-report-vs-2025-data,raw_url_in_parentheses,1,"atform-cryptio-raises-usd15m-in-series-a-extension"" target=""_blank"" rel=""nofollow noopener"">as reported by CoinDesk</a> (https://www.coindesk.com/business/2025/01/28/crypto-accounting-platform-cryptio-raises-usd15m-in-series-a-extension/).</p><h2 id=""whythismattersforcryptoaccountingandcompliancedemand"">Why this matters for crypto accounting and compliance demand</h2><p>Accounting systems for digital assets sit at ",,,200,publish,cryptio-funding-faces-review-as-45m-report-vs-2025-data,https://coincu.com/cryptio-funding-faces-review-as-45m-report-vs-2025-data/,worth_fixing_bulk,MEDIUM,Single raw URL in parentheses; fixable with a straightforward source-link rewrite.,worth_fixing_bulk,MEDIUM,Single raw URL in parentheses; fixable with a straightforward source-link rewrite.
397675,tencent-launches-skillhub-amid-clawhub-crawling-dispute,raw_url_in_parentheses,1,"awHub tailored for China-based users, offering faster access and a Chinese-language interface, according to Futunn News (https://news.futunn.com/post/69913876). The launch materials emphasize curation and risk controls suited to local conditions.</p><p>The platform highlights full security scanning and a curated “top 50” list alongside b",,,200,publish,tencent-launches-skillhub-amid-clawhub-crawling-dispute,https://coincu.com/tencent-launches-skillhub-amid-clawhub-crawling-dispute/,worth_fixing_bulk,MEDIUM,Single raw URL in parentheses; fixable with a straightforward source-link rewrite.,worth_fixing_bulk,MEDIUM,Single raw URL in parentheses; fixable with a straightforward source-link rewrite.
397505,kraken-xstocks-navigates-eu-mifid-ii-as-sec-rules-differ,raw_url_in_parentheses,1,"EC, xStocks falls within the scope of the EU’s MiFID II framework, shaping conduct, custody, and marketing requirements (https://www.compliancecorylated.com/news/krakens-tokenised-stocks-follow-regulatory-footstep-of-robinhood/).</p><p>Leadership frames tokenized equities as interoperable assets across venues and chains. “The vision is that you can buy an xStock on Kraken, you can withdraw it, and then yo",,,200,publish,kraken-xstocks-navigates-eu-mifid-ii-as-sec-rules-differ,https://coincu.com/kraken-xstocks-navigates-eu-mifid-ii-as-sec-rules-differ/,worth_fixing_bulk,MEDIUM,Single raw URL in parentheses; fixable with a straightforward source-link rewrite.,worth_fixing_bulk,MEDIUM,Single raw URL in parentheses; fixable with a straightforward source-link rewrite.
397325,tencent-qclaw-draws-scrutiny-after-openclaw-cve-2026-25253,raw_url_in_parentheses,1,"QClaw, a one-click local deployment of OpenClaw that can accept natural‑language commands relayed through WeChat and QQ (https://www.ithome.com/0/927/143.htm). The design centers on simplifying setup so non‑specialists can spin up a local agent environment quickly.</p><p>Coverage indicates support for common local tasks such as file man",,,200,publish,tencent-qclaw-draws-scrutiny-after-openclaw-cve-2026-25253,https://coincu.com/tencent-qclaw-draws-scrutiny-after-openclaw-cve-2026-25253/,worth_fixing_bulk,MEDIUM,Single raw URL in parentheses; fixable with a straightforward source-link rewrite.,worth_fixing_bulk,MEDIUM,Single raw URL in parentheses; fixable with a straightforward source-link rewrite.
397013,google-deepmind-faces-fact-check-on-alibaba-qwen-claim,raw_url_in_parentheses,1," Tongyi Qianwen models for public use and announced collaborations with OPPO, Taobao, DingTalk, and Zhejiang University (https://tech.yahoo.com/ai/articles/alibaba-opens-ai-model-tongyi-010716038.html).</p><p>Talent mobility around Tongyi Lab has been active, which can fuel rumor cycles even without targeted poaching. EPICSOFTE reported departures of senior researchers from Tong",,,200,publish,google-deepmind-faces-fact-check-on-alibaba-qwen-claim,https://coincu.com/google-deepmind-faces-fact-check-on-alibaba-qwen-claim/,worth_fixing_bulk,MEDIUM,Single raw URL in parentheses; fixable with a straightforward source-link rewrite.,worth_fixing_bulk,MEDIUM,Single raw URL in parentheses; fixable with a straightforward source-link rewrite.
396957,tether-commits-50m-to-eight-sleep-at-1-5b-for-on-device-ai,raw_url_in_parentheses,1,"ccelerate-sustainable-health-intelligence/"" target=""_blank"" rel=""nofollow noopener"">according to Tether Investments</a> (https://tether.io/news/tether-makes-strategic-investment-in-eight-sleep-at-1-5b-to-accelerate-sustainable-health-intelligence/). The deal focuses on accelerating health intelligence that runs on consumer hardware rather than the cloud.</p><p>Eight Sleep, a New York City–based developer of advanced sleep te",,,200,publish,tether-commits-50m-to-eight-sleep-at-1-5b-for-on-device-ai,https://coincu.com/tether-commits-50m-to-eight-sleep-at-1-5b-for-on-device-ai/,worth_fixing_bulk,MEDIUM,Single raw URL in parentheses; fixable with a straightforward source-link rewrite.,worth_fixing_bulk,MEDIUM,Single raw URL in parentheses; fixable with a straightforward source-link rewrite.
396755,openclaw-debuts-weibo-account-as-official-channel-in-china,raw_url_in_parentheses,1,"enClaw launches official Weibo account, positioning itself as a community hub for open-source AI assistant frameworks.” (https://www.techflowpost.com/en-US/newsletter/115651)</p><div data-zone-id=""0"" data-line-index=""0"" data-line=""true""><em><a href=""https://bingx.com/en/blog/article/bingx-la-gi-tim-hieu-tong-quan-ve-bingx"" target=""_blank"" rel=""noopener",,,200,publish,openclaw-debuts-weibo-account-as-official-channel-in-china,https://coincu.com/openclaw-debuts-weibo-account-as-official-channel-in-china/,worth_fixing_bulk,MEDIUM,Single raw URL in parentheses; fixable with a straightforward source-link rewrite.,worth_fixing_bulk,MEDIUM,Single raw URL in parentheses; fixable with a straightforward source-link rewrite.
396250,amazon-strikes-50b-openai-deal-as-frontier-comes-to-aws,raw_url_in_parentheses,1," at about $840 billion, with Amazon committing $50 billion; Nvidia and SoftBank also participated, according to Reuters (https://www.reuters.com/business/retail-consumer/openais-110-billion-funding-round-draws-investment-amazon-nvidia-softbank-2026-02-27/). The deal formalizes a strategic partnership intended to scale OpenAI’s services globally.</p><p>OpenAI added that its Frontier platform <a href=""https://coincu.com/news/ftx-digit",,,200,publish,amazon-strikes-50b-openai-deal-as-frontier-comes-to-aws,https://coincu.com/amazon-strikes-50b-openai-deal-as-frontier-comes-to-aws/,worth_fixing_bulk,MEDIUM,Single raw URL in parentheses; fixable with a straightforward source-link rewrite.,worth_fixing_bulk,MEDIUM,Single raw URL in parentheses; fixable with a straightforward source-link rewrite.
396110,prediction-markets-see-scrutiny-amid-zachxbt-disclosure-curb,raw_url_in_parentheses,1,"k on prediction markets and “event contracts,” including preparations for future-proof rulemaking as these venues scale (https://www.legalsportsreport.com/252002/selig-pledges-future-proof-cftc-regulation-amid-prediction-markets-surge/). The focus reflects increasing policy attention to how informational advantages can affect contract pricing.</p><p>Legal commentary has underscored that event-linked instruments h",,,200,publish,prediction-markets-see-scrutiny-amid-zachxbt-disclosure-curb,https://coincu.com/prediction-markets-see-scrutiny-amid-zachxbt-disclosure-curb/,worth_fixing_bulk,MEDIUM,Single raw URL in parentheses; fixable with a straightforward source-link rewrite.,worth_fixing_bulk,MEDIUM,Single raw URL in parentheses; fixable with a straightforward source-link rewrite.
396014,claude-ai-draws-scrutiny-after-150gb-mexico-breach-reports,raw_url_in_parentheses,1,"ker-used-anthropic-s-claude-to-steal-sensitive-mexican-data"" target=""_blank"" rel=""nofollow noopener"">Bloomberg News</a> (https://www.bloomberg.com/news/articles/2026-02-25/hacker-used-anthropic-s-claude-to-steal-sensitive-mexican-data), a hacker allegedly used Anthropic’s Claude to conduct attacks against multiple Mexican government agencies. The coverage characterizes the incident as a 150GB data breach involvi",,,200,publish,claude-ai-draws-scrutiny-after-150gb-mexico-breach-reports,https://coincu.com/claude-ai-draws-scrutiny-after-150gb-mexico-breach-reports/,worth_fixing_bulk,MEDIUM,Single raw URL in parentheses; fixable with a straightforward source-link rewrite.,worth_fixing_bulk,MEDIUM,Single raw URL in parentheses; fixable with a straightforward source-link rewrite.
394357,aave-moves-to-route-100-revenue-to-dao-treasury-in-v4-plan,raw_url_in_parentheses,1,"allocate 100% of protocol revenue to the DAO treasury and position Aave V4 as the core framework, according to CoinDesk (https://www.coindesk.com/business/2026/02/12/aave-labs-proposes-aave-will-win-plan-to-send-100-of-product-revenue-to-dao).The plan is framed as an evolution of value accrual and control within the ecosystem, tying product economics more tightly to community governance and treasury stewardship.</p><p>",,,200,publish,aave-moves-to-route-100-revenue-to-dao-treasury-in-v4-plan,https://coincu.com/aave-moves-to-route-100-revenue-to-dao-treasury-in-v4-plan/,worth_fixing_bulk,MEDIUM,Single raw URL in parentheses; fixable with a straightforward source-link rewrite.,worth_fixing_bulk,MEDIUM,Single raw URL in parentheses; fixable with a straightforward source-link rewrite.
393990,chainlink-steadies-as-rwa-tokenization-gains-under-fsb-fsoc,raw_url_in_parentheses,1,"of token prices. As reported by CoinDesk, Jefferies views Chainlink’s oracle infrastructure as positioned in this shift (https://www.coindesk.com/markets/2025/09/29/chainlink-poised-to-power-tradfi-shift-to-blockchain-jefferies-says/).</p><p>The logic is straightforward: secure data delivery and cross-chain messaging reduce operational friction for institutions testing on-chain workflows. That supports use case",,,200,publish,chainlink-steadies-as-rwa-tokenization-gains-under-fsb-fsoc,https://coincu.com/chainlink-steadies-as-rwa-tokenization-gains-under-fsb-fsoc/,worth_fixing_bulk,MEDIUM,Single raw URL in parentheses; fixable with a straightforward source-link rewrite.,worth_fixing_bulk,MEDIUM,Single raw URL in parentheses; fixable with a straightforward source-link rewrite.
393943,ether-supply-tightens-as-bitmine-adds-40613-eth-this-week,raw_url_in_parentheses,1,"week, bringing its total to 4.326 million ETH, equal to about 3.58% of the circulating supply, as reported by The Block (https://www.theblock.co/post/389047/bitmine-acquires-40613-ether-in-a-week-total-treasury-reaches-4-33-million-eth).</p><p>The company now reports a $10.0 billion mix of crypto, equities, and cash, according to CoinDesk (https://www.coindesk.com/markets/2026/02/09/tom-lee-s-bitmine-adds-to-eth-",,,200,publish,ether-supply-tightens-as-bitmine-adds-40613-eth-this-week,https://coincu.com/ether-supply-tightens-as-bitmine-adds-40613-eth-this-week/,worth_fixing_bulk,MEDIUM,Single raw URL in parentheses; fixable with a straightforward source-link rewrite.,worth_fixing_bulk,MEDIUM,Single raw URL in parentheses; fixable with a straightforward source-link rewrite.
393080,crypto-whale-suffers-massive-loss,raw_url_in_parentheses,1," and technological improvements within decentralized finance platforms. [Updates and insights on crypto from Root Data.](https://twitter.com/RootDataCrypto)</p> <figure class=""wp-block-table""><table class=""has-luminous-vivid-orange-color has-text-color has-link-color has-fixed-layout""><tbody><tr><td><em><strong>DISCLAIMER</strong>:&n",,,200,publish,crypto-whale-suffers-massive-loss,https://coincu.com/crypto-whale-suffers-massive-loss/,worth_fixing_bulk,MEDIUM,Single raw URL in parentheses; fixable with a straightforward source-link rewrite.,worth_fixing_bulk,MEDIUM,Single raw URL in parentheses; fixable with a straightforward source-link rewrite.
390468,bitcoin-surges-global-economic-uncertainty,raw_url_in_parentheses,1," dropped from 88% to 79%.</p> <p><strong>Reactions from the market indicate</strong> that while the [U.S. stock market](https://anotherexample.com/resource) has been rising, this has not translated into political approval. Expert analysis suggests that the <strong>lack of trust in the White House</strong> compared to the <a href=""http",,,200,publish,bitcoin-surges-global-economic-uncertainty,https://coincu.com/bitcoin-surges-global-economic-uncertainty/,worth_fixing_bulk,MEDIUM,Single raw URL in parentheses; fixable with a straightforward source-link rewrite.,worth_fixing_bulk,MEDIUM,Single raw URL in parentheses; fixable with a straightforward source-link rewrite.
389066,goldman-sachs-prediction-markets-2,raw_url_in_parentheses,1,"ong>institutional interest</strong> in emerging financial instruments, though [official statements or funding guidances](https://twitter.com/businessinsider) are sparse. Historical precedence from similar financial sectors indicates <strong>expanding markets</strong> often invite increased <strong>regulatory scrutiny</strong> and <a hr",,,200,publish,goldman-sachs-prediction-markets-2,https://coincu.com/goldman-sachs-prediction-markets-2/,worth_fixing_bulk,MEDIUM,Single raw URL in parentheses; fixable with a straightforward source-link rewrite.,worth_fixing_bulk,MEDIUM,Single raw URL in parentheses; fixable with a straightforward source-link rewrite.
387807,evernorth-and-doppler-finance-collaborate-to-power-institutional-xrp-infrastructure,raw_url_after_colon,1,"activities. For important information regarding forward-looking statements and where to find additional information, see: https://www.evernorth.xyz/press-release-10-20-2025</p> <p><strong>About Doppler Finance</strong></p> <p>Doppler Finance is leading XRPfi by introducing an institutional-grade yield infrastructure natively built on XRP Ledger",,,200,publish,evernorth-and-doppler-finance-collaborate-to-power-institutional-xrp-infrastructure,https://coincu.com/evernorth-and-doppler-finance-collaborate-to-power-institutional-xrp-infrastructure/,worth_fixing_bulk,MEDIUM,Single raw URL after colon; fixable with a straightforward source-link rewrite.,worth_fixing_bulk,MEDIUM,Single raw URL after colon; fixable with a straightforward source-link rewrite.
384218,u-stablecoin-launches-on-bnb-%d1%81hain-and-ethereum-by-united-stables,raw_url_after_colon,1,"ntralized storage needs for the ecosystem and lets users establish their own data marketplaces.</li> </ul> <p>Website: https://www.bnbchain.org/en</p> <p>Media contact: press@bnbchain.org</p> <figure class=""wp-block-table""><table class=""has-fixed-layout""><tbody><tr><td><strong><em>Disclaimer: The text above is an adver",,,200,publish,u-stablecoin-launches-on-bnb-%d1%81hain-and-ethereum-by-united-stables,https://coincu.com/u-stablecoin-launches-on-bnb-%d1%81hain-and-ethereum-by-united-stables/,worth_fixing_bulk,MEDIUM,Single raw URL after colon; fixable with a straightforward source-link rewrite.,worth_fixing_bulk,MEDIUM,Single raw URL after colon; fixable with a straightforward source-link rewrite.
384643,doj-releases-epstein-documents,raw_url_in_parentheses,1,"90k/"">Bitcoin&#8217;s market data</a></strong> shows a current price of $88,285.73, with a market cap of [CoinMarketCap](https://coinmarketcap.com) formatNumber(1_762_610_281_653, 2). Despite a 24-hour trading volume decrease of -66.47%, Bitcoin’s dominance at 58.96% remains significant, although the price reflects fluctuatio",,,200,publish,doj-releases-epstein-documents,https://coincu.com/doj-releases-epstein-documents/,worth_fixing_bulk,MEDIUM,Single raw URL in parentheses; fixable with a straightforward source-link rewrite.,worth_fixing_bulk,MEDIUM,Single raw URL in parentheses; fixable with a straightforward source-link rewrite.
384270,federal-reserve-cuts-crypto-impact,raw_url_in_parentheses,1," year&#8217;s end. Interest rate adjustments have historically influenced cryptocurrency valuations.</p> [CoinMarketCap](https://coinmarketcap.com/) reports that Bitcoin (BTC) is currently priced at $88,106.98, with a market cap of formatNumber(1758947924074, 2) trillion. Its 24-hour trading volume is formatNumber(48938831344,",,,error,unknown,,,worth_fixing_bulk,MEDIUM,Single raw URL in parentheses; fixable with a straightforward source-link rewrite.,worth_fixing_bulk,MEDIUM,Single raw URL in parentheses; fixable with a straightforward source-link rewrite.
383877,trump-interviews-waller-fed-chair,raw_url_in_parentheses,1,"/figcaption> </figure> <p><a href=""https://www.coincu.com/abc/status/1234567890""></a></p>[Coincu&#8217;s research team](https://www.coincu.com) notes that <strong><a href=""https://coincu.com/markets/fed-interest-rate-decision-crypto-impact/"">interest rate decisions may impact liquidity and asset valuations significantly</",,,200,publish,trump-interviews-waller-fed-chair,https://coincu.com/trump-interviews-waller-fed-chair/,worth_fixing_bulk,MEDIUM,Single raw URL in parentheses; fixable with a straightforward source-link rewrite.,worth_fixing_bulk,MEDIUM,Single raw URL in parentheses; fixable with a straightforward source-link rewrite.
382268,grayscale-bitcoin-halving-cycle,raw_url_in_parentheses,1,".72</strong>, maintaining a market cap of roughly formatNumber(1802841365525, 2), with data from <strong>[CoinMarketCap](https://twitter.com/tradingview/status/)</strong> indicating a 0.86% decline over 24 hours. With a 58.62% market dominance, recent trends show a 4.21% rise over seven days, despite a 18.89% drop over 90 days.</p> <figur",,,200,publish,grayscale-bitcoin-halving-cycle,https://coincu.com/grayscale-bitcoin-halving-cycle/,worth_fixing_bulk,MEDIUM,Single raw URL in parentheses; fixable with a straightforward source-link rewrite.,worth_fixing_bulk,MEDIUM,Single raw URL in parentheses; fixable with a straightforward source-link rewrite.
379420,fed-rate-cut-november-crypto-impact,raw_url_in_parentheses,1,"ability</strong> if short-term rate discussions by the Fed influence crypto liquidity conditions. Analysts from [Coincu](https://theblockchainassociation.org/team/) indicate the necessity to closely track <strong>Fed communications</strong>, as shifts in policy stance can catalyze significant movements in major cryptocurrencies like BTC and D",,,200,publish,fed-rate-cut-november-crypto-impact,https://coincu.com/fed-rate-cut-november-crypto-impact/,worth_fixing_bulk,MEDIUM,Single raw URL in parentheses; fixable with a straightforward source-link rewrite.,worth_fixing_bulk,MEDIUM,Single raw URL in parentheses; fixable with a straightforward source-link rewrite.
378926,bitcoin-market-decline-fed-speculation,raw_url_in_parentheses,1,"sights from the Coincu research team suggest ongoing liquidity provisioning, significant <strong>[rate cut speculations](https://twitter.com/MaxTakeda91/status/1896934722535924078)</strong> affecting the financial environment, and potential <strong><a href=""https://coincu.com/markets/us-shutdown-ends-economic-data"">policy shifts</a></strong> from G7 countrie",,,200,publish,bitcoin-market-decline-fed-speculation,https://coincu.com/bitcoin-market-decline-fed-speculation/,worth_fixing_bulk,MEDIUM,Single raw URL in parentheses; fixable with a straightforward source-link rewrite.,worth_fixing_bulk,MEDIUM,Single raw URL in parentheses; fixable with a straightforward source-link rewrite.
377855,us-dollar-falls-post-reopening,raw_url_in_parentheses,1,"offer Kjaer, FX Strategist, Danske Bank, &#8211; &#8220;[Expectations for a dollar rebound before the next Fed meeting.](https://www.federalreserve.gov/releases/h10/)&#8221; <a href=""https://www.federalreserve.gov/releases/h10/"" target=""_blank"" rel=""noopener"">Table of Foreign Exchange Rates</a></p> <p>Bitcoin (BTC) is valued at <strong><a href=",,,200,publish,us-dollar-falls-post-reopening,https://coincu.com/us-dollar-falls-post-reopening/,worth_fixing_bulk,MEDIUM,Single raw URL in parentheses; fixable with a straightforward source-link rewrite.,worth_fixing_bulk,MEDIUM,Single raw URL in parentheses; fixable with a straightforward source-link rewrite.
377817,polymarket-us-beta-relaunch,raw_url_in_parentheses,1,"r 30 days, ETH&#8217;s continued usage as collateral underpins Polymarket&#8217;s platform. [Data source: CoinMarketCap](https://www.coindesk.com/markets/2025/10/28/blockchain-based-polymarket-eyes-u-s-comeback-by-november-bbg).</p> <figure class=""wp-block-image aligncenter size-large""> <a href=""https://coincu.com/wp-content/uploads/2025/11/Ethereum-daily-chart-on-0337-UTC-on-November-13-2025file.jpeg",,,200,publish,polymarket-us-beta-relaunch,https://coincu.com/polymarket-us-beta-relaunch/,worth_fixing_bulk,MEDIUM,Single raw URL in parentheses; fixable with a straightforward source-link rewrite.,worth_fixing_bulk,MEDIUM,Single raw URL in parentheses; fixable with a straightforward source-link rewrite.
377363,air-summit-2026-where-artificial-intelligence-powers-the-next-wave-of-innovation,raw_url_after_colon,1,"t Producer – TraiCon Events</strong><br> <em>prasanna@traiconevents.com</em>| &nbsp;<em>+91 7708523918<br></em> Website : https://airevolutionsummit.com/singapore/</p> <p>Join us at <strong>AIR Summit 2026 </strong>and help shape the intelligent future—where technology meets purpose.</p> <figure class=""wp-block-table""><table class=""has",,,error,unknown,,,worth_fixing_bulk,MEDIUM,Single raw URL after colon; fixable with a straightforward source-link rewrite.,worth_fixing_bulk,MEDIUM,Single raw URL after colon; fixable with a straightforward source-link rewrite.
371953,federal-reserve-rate-cut-monetary-easing,raw_url_in_parentheses,1,"ct to Fed&#8217;s successive policy adjustments.</p>[Jay Bacow, Co-Head of Securitized Product Research, Morgan Stanley](https://www.morganstanley.com/insights/articles/fed-rate-cut-mortgage-rate-impact-2025), commented on broader rate policy, &#8220;We don&#8217;t think that the Fed cutting rates as the market expects is sufficient cause for the 30-year fixed mortgage rate to come dow",,,200,publish,federal-reserve-rate-cut-monetary-easing,https://coincu.com/federal-reserve-rate-cut-monetary-easing/,worth_fixing_bulk,MEDIUM,Single raw URL in parentheses; fixable with a straightforward source-link rewrite.,worth_fixing_bulk,MEDIUM,Single raw URL in parentheses; fixable with a straightforward source-link rewrite.
371038,mysterious-whale-amplifies-eth-position,raw_url_in_parentheses,1,"nclude a continued focus on whale activities</strong> by analysts and traders on platforms like [Chinese crypto Twitter](https://twitter.com/*/status/*) and Weibo. Despite no official insights from prominent figures, like <a href=""https://en.wikipedia.org/wiki/Changpeng_Zhao"" target=""_blank"" rel=""noopener"">Vitalik Buterin</a>, the",,,200,publish,mysterious-whale-amplifies-eth-position,https://coincu.com/mysterious-whale-amplifies-eth-position/,worth_fixing_bulk,MEDIUM,Single raw URL in parentheses; fixable with a straightforward source-link rewrite.,worth_fixing_bulk,MEDIUM,Single raw URL in parentheses; fixable with a straightforward source-link rewrite.
367482,imf-gold-reserves-economic-impact,raw_url_in_parentheses,1,"eloping economies with increased stock market volatility and a global growth forecast decrease from 3.7% to 3%. [Source](https://example.com)</p> <h2>Gold Represents Over 20% of Global Reserves, IMF Reports</h2> <p>The IMF reported that <strong>monetary gold holdings</strong> now comprise <strong>over 20%</strong> of g",,,200,publish,imf-gold-reserves-economic-impact,https://coincu.com/imf-gold-reserves-economic-impact/,worth_fixing_bulk,MEDIUM,Single raw URL in parentheses; fixable with a straightforward source-link rewrite.,worth_fixing_bulk,MEDIUM,Single raw URL in parentheses; fixable with a straightforward source-link rewrite.
365157,giggle-token-controversy-surge,raw_url_in_parentheses,1,"ore dropping below $8M, showcasing extreme volatility often seen in unaffiliated meme coins.</p> [CoinMarketCap records](https://www.coingecko.com/en/coins/giggle-fund) indicate GIGGLE Fund&#8217;s current price at <strong>$21.95</strong> with no official market cap due to a lack of circulating supply data. Speculative trading led to a <strong>24",,,200,publish,giggle-token-controversy-surge,https://coincu.com/giggle-token-controversy-surge/,worth_fixing_bulk,MEDIUM,Single raw URL in parentheses; fixable with a straightforward source-link rewrite.,worth_fixing_bulk,MEDIUM,Single raw URL in parentheses; fixable with a straightforward source-link rewrite.
364264,cftc-tokenized-collateral-launch,raw_url_in_parentheses,1,"th Tarbert of Circle emphasizes, &#8220;[The GENIUS Act creates a regulatory framework that enables payment stablecoins](https://cryptobriefing.com/cftc-stablecoins-tokenized-collateral-derivatives/) from licensed American companies to serve as collateral in derivatives and traditional financial markets.&#8221;</p> <figure class=""wp-block-table""><table class=""has-luminous-viv",,,200,publish,cftc-tokenized-collateral-launch,https://coincu.com/cftc-tokenized-collateral-launch/,worth_fixing_bulk,MEDIUM,Single raw URL in parentheses; fixable with a straightforward source-link rewrite.,worth_fixing_bulk,MEDIUM,Single raw URL in parentheses; fixable with a straightforward source-link rewrite.
363690,ethereum-whale-purchase-market-moves,raw_url_in_parentheses,1,"cu.com/analysis/bullish-signal-ethereum-whales-stack-eth/"">whale-induced trends</a></strong> noted by analysts. [Coincu](https://twitter.com/ivanontech?s=21) analysis indicates potential regulatory and market ramifications if liquidity continues reshaping. <strong>Historical liquidity influxes</strong>, often leading to dynamic price s",,,200,publish,ethereum-whale-purchase-market-moves,https://coincu.com/ethereum-whale-purchase-market-moves/,worth_fixing_bulk,MEDIUM,Single raw URL in parentheses; fixable with a straightforward source-link rewrite.,worth_fixing_bulk,MEDIUM,Single raw URL in parentheses; fixable with a straightforward source-link rewrite.
362738,sec-approves-crypto-etf-standards,raw_url_in_parentheses,1,"ies/bitcoin/"" target=""_blank"" rel=""noreferrer noopener"">CoinMarketCap</a></em></figcaption> </figure> [Coincu research](https://www.sec.gov/newsroom/press-releases/2025-101-sec-permits-kind-creations-redemptions-crypto-etps) indicates these new standards could enhance liquidity and drive broader institutional participation. <strong><a href=""https://coincu.com/markets/us-etf-inflows-2025-record/"">Lever",,,200,publish,sec-approves-crypto-etf-standards,https://coincu.com/sec-approves-crypto-etf-standards/,worth_fixing_bulk,MEDIUM,Single raw URL in parentheses; fixable with a straightforward source-link rewrite.,worth_fixing_bulk,MEDIUM,Single raw URL in parentheses; fixable with a straightforward source-link rewrite.
356460,eth-pulls-back-ada-nears-1-cold-wallet-rises-on-tokenomics,raw_url_after_colon,1,"re Cold Wallet Now:</strong></p> <p><a href=""https://purchase.coldwallet.com/"" target=""_blank"" rel=""noopener"">Presale: https://purchase.coldwallet.com/</a></p> <p><a href=""https://coldwallet.com/"" target=""_blank"" rel=""noopener"">Website: https://coldwallet.com/</a></p> <p><a href=""https://x.com/coldwalletapp"">X: https://x.co",,,200,publish,eth-pulls-back-ada-nears-1-cold-wallet-rises-on-tokenomics,https://coincu.com/eth-pulls-back-ada-nears-1-cold-wallet-rises-on-tokenomics/,worth_fixing_bulk,MEDIUM,Single raw URL after colon; fixable with a straightforward source-link rewrite.,worth_fixing_bulk,MEDIUM,Single raw URL after colon; fixable with a straightforward source-link rewrite.
355076,blockdag-hits-373m-in-2025-race-as-bonks-25m-push-slows-and-xrp-price-dips,raw_url_after_colon,1,"""https://purchase.blockdag.network"" style=""color:inherit;text-decoration:inherit"" target=""_blank"" rel=""noopener"">Presale: https://purchase.blockdag.network</a></p> <p><a href=""https://blockdag.network"" style=""color:inherit;text-decoration:inherit"" target=""_blank"" rel=""noopener"">Website: https://blockdag.network</a></p> <p><a hr",,,200,publish,blockdag-hits-373m-in-2025-race-as-bonks-25m-push-slows-and-xrp-price-dips,https://coincu.com/blockdag-hits-373m-in-2025-race-as-bonks-25m-push-slows-and-xrp-price-dips/,worth_fixing_bulk,MEDIUM,Single raw URL after colon; fixable with a straightforward source-link rewrite.,worth_fixing_bulk,MEDIUM,Single raw URL after colon; fixable with a straightforward source-link rewrite.
349622,mei-pharma-litecoin-treasury-investment,raw_url_in_parentheses,1,"""https://coincu.com/326095-hyperliquid-hlp-vault-suspicious-leverage/""><strong>MEI Pharma</strong></a> [further details](https://coincu.com/325767-digital-asset-investment-products-outflows-103/), positioning Litecoin at the core of its financial strategy. <a href=""https://litecoin.com/news/100-million-litecoin-treasury"" target=""_blank"" rel=""noopener""><strong>Charlie Lee, ",,,200,publish,mei-pharma-litecoin-treasury-investment,https://coincu.com/mei-pharma-litecoin-treasury-investment/,worth_fixing_bulk,MEDIUM,Single raw URL in parentheses; fixable with a straightforward source-link rewrite.,worth_fixing_bulk,MEDIUM,Single raw URL in parentheses; fixable with a straightforward source-link rewrite.
348084,binance-giants-protocol-airdrop-delay,raw_url_in_parentheses,1,"titutions have made public statements, with participants waiting for further updates per [Binance&#8217;s announcements](https://twitter.com/binance/status/1942884359482089958).</p><blockquote class=""twitter-tweet""><a href=""https://twitter.com/binance/status/1942884359482089958"" target=""_blank"" rel=""noopener""></a></blockquote> <h2>Unique Airdrop Approach",,,200,publish,binance-giants-protocol-airdrop-delay,https://coincu.com/binance-giants-protocol-airdrop-delay/,worth_fixing_bulk,MEDIUM,Single raw URL in parentheses; fixable with a straightforward source-link rewrite.,worth_fixing_bulk,MEDIUM,Single raw URL in parentheses; fixable with a straightforward source-link rewrite.
347193,letsbonk-leads-solana-token-issuance,raw_url_in_parentheses,1," in 24 hours. Calculations show its circulating supply stands at 80.53 trillion. [Information courtesy of CoinMarketCap](https://www.coinmarketcap.com) reflects significant activity gains over multiple timelines.</p> <figure class=""wp-block-image aligncenter size-large""> <a href=""https://coincu.com/wp-content/uploads/2025/07/B",,,200,publish,letsbonk-leads-solana-token-issuance,https://coincu.com/letsbonk-leads-solana-token-issuance/,worth_fixing_bulk,MEDIUM,Single raw URL in parentheses; fixable with a straightforward source-link rewrite.,worth_fixing_bulk,MEDIUM,Single raw URL in parentheses; fixable with a straightforward source-link rewrite.
345734,ripple-ceases-legal-dispute-sec,raw_url_in_parentheses,1,"rp/"" target=""_blank"" rel=""noreferrer noopener"">CoinMarketCap</a></em></figcaption> </figure> [Coincu research suggests](https://www.sec.gov/newsroom/press-releases/2020-338) that as Ripple&#8217;s legal entanglements unwind, potential <strong><a href=""https://coincu.com/326017-sec-delays-spot-crypto-etf-decisions/"">regulatory clarity</a></strong> coul",,,200,publish,ripple-ceases-legal-dispute-sec,https://coincu.com/ripple-ceases-legal-dispute-sec/,worth_fixing_bulk,MEDIUM,Single raw URL in parentheses; fixable with a straightforward source-link rewrite.,worth_fixing_bulk,MEDIUM,Single raw URL in parentheses; fixable with a straightforward source-link rewrite.
342701,bitronix-launches-first-ai-powered-gaming-trading-platform-inside-telegram-with-eu-regulation-and-10-minimum-entry,raw_url_after_colon,1,"tection and transparency.</p> <p><strong>Follow Bitronix for more information below.&nbsp;</strong></p> <p>Website: https://bit.ly/4kWipKT</p> <p>Telegram: https://t.me/+Qzdwj4M-fE02Mzgy</p> <p>Join Waitlist: https://t.me/BitronixAppBot?start=example</p> <figure class=""wp-block-table""><table class=""has-fixed",,,200,publish,bitronix-launches-first-ai-powered-gaming-trading-platform-inside-telegram-with-eu-regulation-and-10-minimum-entry,https://coincu.com/bitronix-launches-first-ai-powered-gaming-trading-platform-inside-telegram-with-eu-regulation-and-10-minimum-entry/,worth_fixing_bulk,MEDIUM,Single raw URL after colon; fixable with a straightforward source-link rewrite.,worth_fixing_bulk,MEDIUM,Single raw URL after colon; fixable with a straightforward source-link rewrite.
341330,fed-interest-rate-photo-stability,raw_url_in_parentheses,1,"ncies/bitcoin/"" target=""_blank"" rel=""noreferrer noopener"">CoinMarketCap</a></em></figcaption> </figure> <p><em>[Coincu](https://www.federalreserve.gov/releases/h15/) research suggests that current <strong>interest rate stability may ease pressure</strong> on cryptocurrency markets if economic downturns intensify. <strong>Technological advancem",,,200,publish,fed-interest-rate-photo-stability,https://coincu.com/fed-interest-rate-photo-stability/,worth_fixing_bulk,MEDIUM,Single raw URL in parentheses; fixable with a straightforward source-link rewrite.,worth_fixing_bulk,MEDIUM,Single raw URL in parentheses; fixable with a straightforward source-link rewrite.
341069,james-wynn-challenges-cexs-bans,raw_url_in_parentheses,1,"coins like PEPE and key digital assets such as BTC and ETH. [Status update from Ember CN discussing recent developments](https://x.com/EmberCN/status/1929015215586423246).</p> <p>Reactions within the crypto community have been notable. Wynn highlights his resolve by stating: &#8220;I was born for this war, my lawyer is ready.&#8221; While the centr",,,200,publish,james-wynn-challenges-cexs-bans,https://coincu.com/james-wynn-challenges-cexs-bans/,worth_fixing_bulk,MEDIUM,Single raw URL in parentheses; fixable with a straightforward source-link rewrite.,worth_fixing_bulk,MEDIUM,Single raw URL in parentheses; fixable with a straightforward source-link rewrite.
339864,up-to-100k-in-funding-blockdag-launches-grants-for-web3-builders,raw_url_after_colon,1,"ption""> </figcaption> </figure> <p><a href=""https://purchase.blockdag.network"" target=""_blank"" rel=""noopener"">Presale: https://purchase.blockdag.network</a></p> <p><a href=""https://blockdag.network"" target=""_blank"" rel=""noopener"">Website: https://blockdag.network</a></p> <p><a href=""https://t.me/blockDAGnetworkOfficial"">Tele",,,200,publish,up-to-100k-in-funding-blockdag-launches-grants-for-web3-builders,https://coincu.com/up-to-100k-in-funding-blockdag-launches-grants-for-web3-builders/,worth_fixing_bulk,MEDIUM,Single raw URL after colon; fixable with a straightforward source-link rewrite.,worth_fixing_bulk,MEDIUM,Single raw URL after colon; fixable with a straightforward source-link rewrite.
339606,sui-foundation-bounty-cetus-hacker,raw_url_in_parentheses,1,"tives to bolster cybersecurity measures within the crypto community. </p> <p> [Past incidents have shown](https://go.chainalysis.com/2025-Crypto-Crime-Report.html) substantial hacker impact on the crypto industry, raising questions <strong>about financial stability</strong>. The decision by Sui Foundation aims to restore confidence. Analysts",,,200,publish,sui-foundation-bounty-cetus-hacker,https://coincu.com/sui-foundation-bounty-cetus-hacker/,worth_fixing_bulk,MEDIUM,Single raw URL in parentheses; fixable with a straightforward source-link rewrite.,worth_fixing_bulk,MEDIUM,Single raw URL in parentheses; fixable with a straightforward source-link rewrite.
338645,sec-delays-solana-etf-decision,raw_url_in_parentheses,1,"Data from CoinMarketCap indicates Solana (SOL) is trading at $167.61 with a market cap of [approximately $87.14 billion](https://www.sec.gov/files/rules/sro/cboebzx/2025/34-103063.pdf), representing 2.62% market dominance. In recent price dynamics, the 24-hour volume stands at $3.98 billion with a 3.44% gain. Historical price movements reveal varied trends, with",,,200,publish,sec-delays-solana-etf-decision,https://coincu.com/sec-delays-solana-etf-decision/,worth_fixing_bulk,MEDIUM,Single raw URL in parentheses; fixable with a straightforward source-link rewrite.,worth_fixing_bulk,MEDIUM,Single raw URL in parentheses; fixable with a straightforward source-link rewrite.
338427,trump-crypto-ventures-ethics,raw_url_in_parentheses,1," 21.15% increase over 30 days, contrasting with a 0.39% drop over the past 24 hours. <strong>[Reported by CoinMarketCap](https://www.whi.edu.com/coinmarketcap/BTC=103221)</strong>, BTC maintains a significant portion of the crypto market, showing continued investor interest despite short-term volatility.</p> <figure class=""wp-block-image aligncent",,,200,publish,trump-crypto-ventures-ethics,https://coincu.com/trump-crypto-ventures-ethics/,worth_fixing_bulk,MEDIUM,Single raw URL in parentheses; fixable with a straightforward source-link rewrite.,worth_fixing_bulk,MEDIUM,Single raw URL in parentheses; fixable with a straightforward source-link rewrite.
336202,secure-daily-roi-bnbinfinity-elevates-crypto-passive-income,raw_url_after_colon,1,me with just a few steps. Connect your wallet to our platform and transform your idle assets into productive investments: https://bnbinfinity.com</p> <p>Thousands of savvy investors are already benefiting from BNB Infinity&#8217;s optimised yield farming strategies. Don&#8217;t miss this opportunity to join them and secu,,,200,publish,secure-daily-roi-bnbinfinity-elevates-crypto-passive-income,https://coincu.com/secure-daily-roi-bnbinfinity-elevates-crypto-passive-income/,worth_fixing_bulk,MEDIUM,Single raw URL after colon; fixable with a straightforward source-link rewrite.,worth_fixing_bulk,MEDIUM,Single raw URL after colon; fixable with a straightforward source-link rewrite.
335649,xrp-etf-talk-heats-up-eth-price-struggles-bdag-offers-0-0019-special-price,raw_url_after_colon,1,"""https://purchase.blockdag.network"" style=""color:inherit;text-decoration:inherit"" target=""_blank"" rel=""noopener"">Presale: https://purchase.blockdag.network</a></p> <p><a href=""https://blockdag.network"" style=""color:inherit;text-decoration:inherit"" target=""_blank"" rel=""noopener"">Website: https://blockdag.network</a></p> <p><a hr",,,200,publish,xrp-etf-talk-heats-up-eth-price-struggles-bdag-offers-0-0019-special-price,https://coincu.com/xrp-etf-talk-heats-up-eth-price-struggles-bdag-offers-0-0019-special-price/,worth_fixing_bulk,MEDIUM,Single raw URL after colon; fixable with a straightforward source-link rewrite.,worth_fixing_bulk,MEDIUM,Single raw URL after colon; fixable with a straightforward source-link rewrite.
334352,federal-reserve-rate-cut-speculation,raw_url_in_parentheses,1,"rise over 24 hours</strong>. Despite previous fluctuations, its market cap has reached [<strong>$1.89 trillion</strong>](https://docs.coinex.com/api/v2/), marking a 12.60% increase over the past week as assessed by CoinMarketCap.</p> <figure class=""wp-block-image aligncenter size-large""> <a href=""https://coincu.com/wp-content/up",,,200,publish,federal-reserve-rate-cut-speculation,https://coincu.com/federal-reserve-rate-cut-speculation/,worth_fixing_bulk,MEDIUM,Single raw URL in parentheses; fixable with a straightforward source-link rewrite.,worth_fixing_bulk,MEDIUM,Single raw URL in parentheses; fixable with a straightforward source-link rewrite.
333567,trump-swears-paul-atkins-sec-chair,raw_url_in_parentheses,1,"ng compliance with any new framework introduced. Further analysis can be found in discussions on [key topics at Tier10K](https://twitter.com/tier10k/status/1914495178850582727).</p> <div class=""kk-star-ratings kksr-auto kksr-align-left kksr-valign-bottom kksr-disabled"" data-payload='{&quot;align&quot;:&quot;left&quot;,&quot;id&quot;:&quot;333567&quo",,,200,publish,trump-swears-paul-atkins-sec-chair,https://coincu.com/trump-swears-paul-atkins-sec-chair/,worth_fixing_bulk,MEDIUM,Single raw URL in parentheses; fixable with a straightforward source-link rewrite.,worth_fixing_bulk,MEDIUM,Single raw URL in parentheses; fixable with a straightforward source-link rewrite.
333557,sec-confirms-paul-atkins-chairman,raw_url_in_parentheses,1,"oincu research indicates</strong> that Atkins&#8217; leadership may influence [Coincu marketplace regulatory approaches](https://www.coincu.com), but <strong>immediate effects remain minimal</strong> amidst persistent legal cases. The focus remains on ongoing oversight challenges rather than new technological frameworks.</",,,200,publish,sec-confirms-paul-atkins-chairman,https://coincu.com/sec-confirms-paul-atkins-chairman/,worth_fixing_bulk,MEDIUM,Single raw URL in parentheses; fixable with a straightforward source-link rewrite.,worth_fixing_bulk,MEDIUM,Single raw URL in parentheses; fixable with a straightforward source-link rewrite.
331619,prompt-negative-funding-rates-surge,raw_url_in_parentheses,1,"er opportunities for either corrective rebounds or further speculative maneuvers. [<strong>Historical insights</strong>](https://www.grantthornton.com/insights/articles/advisory/2025/crypto-policy-outlook) indicate likelihood of significant price movements, contingent on market sentiment and trading behaviors.</p><blockquote>The extreme negative funding rates suggest a bearish senti",,,200,publish,prompt-negative-funding-rates-surge,https://coincu.com/prompt-negative-funding-rates-surge/,worth_fixing_bulk,MEDIUM,Single raw URL in parentheses; fixable with a straightforward source-link rewrite.,worth_fixing_bulk,MEDIUM,Single raw URL in parentheses; fixable with a straightforward source-link rewrite.
331530,ethereum-pectra-fusaka-upgrades,raw_url_in_parentheses,1,"strong>market&#8217;s evolving landscape</strong>. You can stay updated with developer insights on [Tim Beiko’s Twitter](https://twitter.com/TimBeiko/status/1887506524756717747).</p> <h2>Market Dynamics and Financial Realignment from Proposed Changes</h2> <p style=""background-color: #222222; color: #ffffff; padding: 10px; border-radius: 5px;""><strong>Did ",,,200,publish,ethereum-pectra-fusaka-upgrades,https://coincu.com/ethereum-pectra-fusaka-upgrades/,worth_fixing_bulk,MEDIUM,Single raw URL in parentheses; fixable with a straightforward source-link rewrite.,worth_fixing_bulk,MEDIUM,Single raw URL in parentheses; fixable with a straightforward source-link rewrite.
329315,mt-gox-bitcoin-market-impact,raw_url_in_parentheses,1,"s will lead to significant selling pressure or if most creditors will hold onto their recovered Bitcoin.&#8221; [Source](https://cointelegraph.com/news/mt-gox-repayment-crypto-market-volatility)</blockquote> <h2>Bitcoin&#8217;s Role Amid Shifting Correlations and Economic Instability</h2> <p style=""background-color: #222222; color: #ffffff; padding: 10px; border-radius: 5",,,200,publish,mt-gox-bitcoin-market-impact,https://coincu.com/mt-gox-bitcoin-market-impact/,worth_fixing_bulk,MEDIUM,Single raw URL in parentheses; fixable with a straightforward source-link rewrite.,worth_fixing_bulk,MEDIUM,Single raw URL in parentheses; fixable with a straightforward source-link rewrite.
327778,%f0%9f%9a%80-sui-vietnam-overflow-hackathon-2025-registration-now-open,raw_url_after_colon,1,"h 19 &#8211; May 8&nbsp;&nbsp;</p> <p>📌 Format: Online &amp; Virtual Hackathon&nbsp;&nbsp;</p> <p>👉 Sign up now at: https://overflow.aquamove.xyz</p> <p>👉 Join the event on Luma: https://lu.ma/smcsm4bm</p> <h2 class=""wp-block-heading"">&nbsp;🎟 WHO CAN JOIN?&nbsp;&nbsp;</h2> <p>👨‍💻 Developers looking to explore block",,,200,publish,%f0%9f%9a%80-sui-vietnam-overflow-hackathon-2025-registration-now-open,https://coincu.com/%f0%9f%9a%80-sui-vietnam-overflow-hackathon-2025-registration-now-open/,worth_fixing_bulk,MEDIUM,Single raw URL after colon; fixable with a straightforward source-link rewrite.,worth_fixing_bulk,MEDIUM,Single raw URL after colon; fixable with a straightforward source-link rewrite.
323695,bitcoins-bull-run-to-150k-begins-yet-this-low-cap-ai-meme-coin-with-major-whale-buys-could-deliver-100x,raw_url_after_colon,1,"medium=0225-0426&amp;utm_campaign=022225"" target=""_blank"" rel=""noopener"">https://floppypepe.io/</a></p> <p>Whitepaper: https://floppypepe.gitbook.io/floppypepe.io</p> <p>Telegram: <a href=""https://t.me/floppypepeofficial"">https://t.me/floppypepeofficial</a>&nbsp;</p> <p>X (Twitter): https://x.com/floppypepe</p> <figure class=""wp-bl",,,200,publish,bitcoins-bull-run-to-150k-begins-yet-this-low-cap-ai-meme-coin-with-major-whale-buys-could-deliver-100x,https://coincu.com/bitcoins-bull-run-to-150k-begins-yet-this-low-cap-ai-meme-coin-with-major-whale-buys-could-deliver-100x/,worth_fixing_bulk,MEDIUM,Single raw URL after colon; fixable with a straightforward source-link rewrite.,worth_fixing_bulk,MEDIUM,Single raw URL after colon; fixable with a straightforward source-link rewrite.
271441,zenqira-announces-zenq-token-first-private-sale-end-and-new-sale-slot-starting-august-14,raw_url_after_colon,1,"<a href=""https://x.com/zenqiratech"">https://x.com/zenqiratech</a></li> </ul> <ul class=""wp-block-list""> <li>Telegram : https://t.me/zenqiracommunity</li> </ul> <hr class=""wp-block-separator has-alpha-channel-opacity"" /> <figure class=""wp-block-table""><table class=""has-luminous-vivid-orange-color has-text-color has-link-c",,,200,publish,zenqira-announces-zenq-token-first-private-sale-end-and-new-sale-slot-starting-august-14,https://coincu.com/zenqira-announces-zenq-token-first-private-sale-end-and-new-sale-slot-starting-august-14/,worth_fixing_bulk,MEDIUM,Single raw URL after colon; fixable with a straightforward source-link rewrite.,worth_fixing_bulk,MEDIUM,Single raw URL after colon; fixable with a straightforward source-link rewrite.
269402,how-to-add-solana-to-metamask,raw_url_after_colon,1,"enter the required network details: <ul class=""wp-block-list""> <li>Network Name: Binance Smart Chain</li> <li>RPC URL: https://bsc-dataseed.binance.org/</li> <li>ChainID: 56</li> <li>Symbol: BNB</li> <li>Block Explorer URL: https://bscscan.com/</li> </ul> </li> <li>Click “Save” to add the BSC network.</li> </ul> </li> ",,,200,publish,how-to-add-solana-to-metamask,https://coincu.com/how-to-add-solana-to-metamask/,worth_fixing_bulk,MEDIUM,Single raw URL after colon; fixable with a straightforward source-link rewrite.,worth_fixing_bulk,MEDIUM,Single raw URL after colon; fixable with a straightforward source-link rewrite.
268742,devilfish-nft-revolutionizes-poker-with-innovative-nft-integration,raw_url_after_colon,1,"ed with the latest news and announcements by following us on social media:</p> <ul class=""wp-block-list""> <li>Twitter: https://x.com/devilfish_nft?s=21</li> <li>Discord: <a href=""https://discord.com/invite/devilfishnft"" target=""_blank"" rel=""noopener"">https://discord.com/invite/devilfishnft</a></li> <li>Website: <a href=""htt",,,200,publish,devilfish-nft-revolutionizes-poker-with-innovative-nft-integration,https://coincu.com/devilfish-nft-revolutionizes-poker-with-innovative-nft-integration/,worth_fixing_bulk,MEDIUM,Single raw URL after colon; fixable with a straightforward source-link rewrite.,worth_fixing_bulk,MEDIUM,Single raw URL after colon; fixable with a straightforward source-link rewrite.
268648,aiweb3-in-green%e2%86%91-side-event-bali-coinfest-asia-2024-green-growth-for-sustainable-development-after-party,raw_url_in_parentheses|raw_url_after_colon,2,"ugh multi-dimensional and full-cycle approaches.&nbsp;&nbsp;</p> <p>Website: <a href=""http://www.hiblock.io/investor](http://www.hiblock.io/investor)"" target=""_blank"" rel=""noopener"">www.hiblock.io/investor</a></p> <figure class=""wp-block-table""><table class=""has-luminous-vivid-orange-color has-text-color has-link-color has-f","t to enjoy the iconic river villa pool views!)</li> <li><strong>Registration Links:</strong><strong><br></strong>Luma: https://lu.ma/z5ug7fih</li> <li>Eventbrite<br><a href=""https://www.eventbrite.com/e/aiweb3-in-green-after-party-coinfest-asia-tickets-942998563087"" target=""_blank"" rel=""noopener"">https://www.eventbri",,200,publish,aiweb3-in-green%e2%86%91-side-event-bali-coinfest-asia-2024-green-growth-for-sustainable-development-after-party,https://coincu.com/aiweb3-in-green%e2%86%91-side-event-bali-coinfest-asia-2024-green-growth-for-sustainable-development-after-party/,delete_now,HIGH,"Promo/event-style page with encoded slug and multiple citation issues; low cleanup ROI, delete instead of fixing.",delete_now,HIGH,"Promo/event-style page with encoded slug and multiple citation issues; low cleanup ROI, delete instead of fixing."
263749,how-to-get-morph-airdrop-a-comprehensive-guide,raw_url_after_colon,1,"class=""wp-block-heading"">Step 3: Get faucet USDT</h3> <ul class=""wp-block-list""> <li>Join the project&#8217;s Discord: https://discord.com/invite/h9uszybp</li> <li>Then, after verification, go to the discord-faucet channel /faucet and paste your wallet address in the box below to receive USDT</li> </ul> <figure class=""wp-block",,,200,publish,how-to-get-morph-airdrop-a-comprehensive-guide,https://coincu.com/how-to-get-morph-airdrop-a-comprehensive-guide/,worth_fixing_bulk,MEDIUM,Single raw URL after colon; fixable with a straightforward source-link rewrite.,worth_fixing_bulk,MEDIUM,Single raw URL after colon; fixable with a straightforward source-link rewrite.
264106,starcheck-announces-the-most-accessible-and-affordable-retail-aml-checks,raw_url_after_colon,1,"rmation and official comment from StarCheck, contact Archy Park.</strong></p> <ul class=""wp-block-list""> <li>Telegram: https://t.me/PR_StarCheck</li> <li>Email Address: archypak@starcheck.io</li> </ul> <h3 class=""wp-block-heading""><strong>Social Media Contacts</strong></h3> <ul class=""wp-block-list""> <li><a href=""",,,200,publish,starcheck-announces-the-most-accessible-and-affordable-retail-aml-checks,https://coincu.com/starcheck-announces-the-most-accessible-and-affordable-retail-aml-checks/,worth_fixing_bulk,MEDIUM,Single raw URL after colon; fixable with a straightforward source-link rewrite.,worth_fixing_bulk,MEDIUM,Single raw URL after colon; fixable with a straightforward source-link rewrite.
238034,market-overview-tethers-pledge-coinbase-seam,raw_url_in_parentheses,1,"ent. They are launching their <a href=""https://www.binance.com/en/support/announcement/2cb7b8a617b548e5b765bcb0f3beb680 (https://www.binance.com/en/support/announcement/2cb7b8a617b548e5b765bcb0f3beb680?utm_source=AnnouncementTG&amp;utm_medium=GlobalCommunityl&amp;utm_campaign=AnnouncementBot)"" target=""_blank"" rel=""noopener"">40th project</a> on Binance Launchpool called Fusionist ($ACE).</p> <p>Fusionist is a native token of Endurance, a decentralized social gaming and ",,,200,publish,market-overview-tethers-pledge-coinbase-seam,https://coincu.com/market-overview-tethers-pledge-coinbase-seam/,worth_fixing_bulk,MEDIUM,Single raw URL in parentheses; fixable with a straightforward source-link rewrite.,worth_fixing_bulk,MEDIUM,Single raw URL in parentheses; fixable with a straightforward source-link rewrite.
227903,market-overview-blackrocks-ethereum-spot-etf,raw_url_after_colon,1,"caption></figure> </figure> <h3 class=""wp-block-heading""><strong>Economic Reports and Financial Events <img src=""blob:https://coincu.com/524a9590-74f2-4991-b6a7-8aeab247ebd1"" alt=""????????"" title=""""> this week:</strong></h3> <p>It will be a very busy week with CPI figures and many FED officials speaking.</p> <p><img src=""blob:https://coincu.com/",,,200,publish,market-overview-blackrocks-ethereum-spot-etf,https://coincu.com/market-overview-blackrocks-ethereum-spot-etf/,worth_fixing_bulk,MEDIUM,Single raw URL after colon; fixable with a straightforward source-link rewrite.,worth_fixing_bulk,MEDIUM,Single raw URL after colon; fixable with a straightforward source-link rewrite.
225840,memecoin-listing-bitcoin-etf-prediction-insights,raw_url_in_parentheses,1,"ding cryptocurrency exchange, <a href=""https://www.binance.com/en/support/announcement/90ccca2c5d6946ef9439dae41a517578 (https://www.binance.com/en/support/announcement/90ccca2c5d6946ef9439dae41a517578?utm_source=AnnouncementTG&amp;utm_medium=GlobalCommunityl&amp;utm_campaign=AnnouncementBot)"" target=""_blank"" rel=""noopener"">has recently</a> listed Memecoin (MEME) on its Binance Launchpool. This move is expected to bring increased attention and trading activity to MEME.",,,200,publish,memecoin-listing-bitcoin-etf-prediction-insights,https://coincu.com/memecoin-listing-bitcoin-etf-prediction-insights/,worth_fixing_bulk,MEDIUM,Single raw URL in parentheses; fixable with a straightforward source-link rewrite.,worth_fixing_bulk,MEDIUM,Single raw URL in parentheses; fixable with a straightforward source-link rewrite.
210813,sei-network-airdrop-query-mainnet-release,raw_url_after_colon,1,"ic mainnet.</p> <p>To participate in the crosschain airdrop and check eligibility, users can visit the following link: https://app.sei.io/. <a href=""https://coincu.com/210749-sei-network-reveals-its-tokenomics/"">Sei Network</a>&#8216;s SEI tokens have been allocated with 6 major use cases, and a substantial 3% of toke",,,200,publish,sei-network-airdrop-query-mainnet-release,https://coincu.com/sei-network-airdrop-query-mainnet-release/,worth_fixing_bulk,MEDIUM,Single raw URL after colon; fixable with a straightforward source-link rewrite.,worth_fixing_bulk,MEDIUM,Single raw URL after colon; fixable with a straightforward source-link rewrite.
210715,liquidity-concerns-surrounding-circle-token,raw_url_in_parentheses,1," back in March.</p> <p>The fraudulent campaign included a deceptive blog post promoting the swap platform via a link (http://circle.blog), along with a counterfeit trading platform accessible through another link (http://circledefi.center). This imposter platform claimed to facilitate the exchange of USDC stablecoin",,,200,publish,liquidity-concerns-surrounding-circle-token,https://coincu.com/liquidity-concerns-surrounding-circle-token/,worth_fixing_bulk,MEDIUM,Single raw URL in parentheses; fixable with a straightforward source-link rewrite.,worth_fixing_bulk,MEDIUM,Single raw URL in parentheses; fixable with a straightforward source-link rewrite.
188907,unisat-wallet,raw_url_after_colon,1,"ria:</p> <ul class=""wp-block-list""> <li>Hold OG Pass (currently has a floor price of ~0.25 BTC. You can check it here: https://ordinalswallet.com/collection/unisat-og-pass)</li> <li>There are 20 UniSat points (each mint brother BRC-20 token corresponds to 1 UniSat point)</li> </ul> <p>If you meet the requirements of UniSat, you can start trendi",,,200,publish,unisat-wallet,https://coincu.com/unisat-wallet/,worth_fixing_bulk,MEDIUM,Single raw URL after colon; fixable with a straightforward source-link rewrite.,worth_fixing_bulk,MEDIUM,Single raw URL after colon; fixable with a straightforward source-link rewrite.
187853,crypto-expo-asia-latest-speakers,raw_url_after_colon,1,"Interested sponsors, partners, and speakers at Crypto Expo Asia are encouraged to visit the website for more information: https://cryptoexpoasia.com/.</p> <p><strong>About Crypto Expo Asia</strong></p> <p>Crypto Expo Asia is the premier event for the global crypto ecosystem in Asia, creating an integral platform for the in",,,200,publish,crypto-expo-asia-latest-speakers,https://coincu.com/crypto-expo-asia-latest-speakers/,worth_fixing_bulk,MEDIUM,Single raw URL after colon; fixable with a straightforward source-link rewrite.,worth_fixing_bulk,MEDIUM,Single raw URL after colon; fixable with a straightforward source-link rewrite.
186127,brc-20-token-keep-in-mind-next-trend,raw_url_after_colon,1,"w, 1024px"" /></a><figcaption class=""wp-element-caption""> </figcaption></figure> <ul class=""wp-block-list""> <li>Access: https://unisat.io/market</li> <li>Conduct token trading with common currency SATS (Satoshi), with each BTC will equal 100,000,000 SATS.</li> <li>In order to buy and sell tokens, everyone needs to re",,,200,publish,brc-20-token-keep-in-mind-next-trend,https://coincu.com/brc-20-token-keep-in-mind-next-trend/,worth_fixing_bulk,MEDIUM,Single raw URL after colon; fixable with a straightforward source-link rewrite.,worth_fixing_bulk,MEDIUM,Single raw URL after colon; fixable with a straightforward source-link rewrite.
177198,lido-staking-polkadot-kusama-august,raw_url_after_colon,1,"port from the developer. If you would want more information on the procedure and the schedule, please visit this website: https://t.co/7WmdnRhFPm.</p> <figure class=""wp-block-image aligncenter size-large""><a href=""https://news.coincu.com/wp-content/uploads/2023/03/Anh-chup-Man-hinh-2023-03-29-luc-22.24.25.png""><img width=",,,200,publish,lido-staking-polkadot-kusama-august,https://coincu.com/lido-staking-polkadot-kusama-august/,worth_fixing_bulk,MEDIUM,Single raw URL after colon; fixable with a straightforward source-link rewrite.,worth_fixing_bulk,MEDIUM,Single raw URL after colon; fixable with a straightforward source-link rewrite.
175841,zksync-guide-retroactive-hunting,raw_url_after_colon,1,"oactives from the project.</p> <h4 class=""wp-block-heading""><strong>Steps to take</strong></h4> <p>Project website: https://cryptoswap.org/</p> <p>Step 1: Connect to a wallet to be able to connect to the Metamask wallet and use the feature.</p> <figure class=""wp-block-image aligncenter size-large""><a href=""https",,,200,publish,zksync-guide-retroactive-hunting,https://coincu.com/zksync-guide-retroactive-hunting/,worth_fixing_bulk,MEDIUM,Single raw URL after colon; fixable with a straightforward source-link rewrite.,worth_fixing_bulk,MEDIUM,Single raw URL after colon; fixable with a straightforward source-link rewrite.
161069,layer-2-shibarium-a-first-look-shiba-inu,raw_url_after_colon,1,"vestment advice. We encourage you to do your own research before investing.</em></p> <p>Join us to keep track of news: https://linktr.ee/coincu</p> <p class=""has-text-align-right""><strong>Chubbi</strong></p> <p class=""has-text-align-right""><strong>Coincu News</strong></p> <div class=""kk-star-ratings kksr-auto kksr",,,200,publish,layer-2-shibarium-a-first-look-shiba-inu,https://coincu.com/layer-2-shibarium-a-first-look-shiba-inu/,worth_fixing_bulk,MEDIUM,Single raw URL after colon; fixable with a straightforward source-link rewrite.,worth_fixing_bulk,MEDIUM,Single raw URL after colon; fixable with a straightforward source-link rewrite.
151865,nimbusplatform-lost-278-bnb-loans-attack,raw_url_after_colon,1,st security team recommended that the security of the price source be maintained.</p> <p>Attack transaction reference: https://bscscan.com/tx/0x42f56d3e86fb47e1edffa59222b33b73e7407d4b5bb05e23b83cb1771790f6c1</p> <p><strong><em>DISCLAIMER: The Information on this website is provided as general market commentary and does not constitute investment advice. We encourage you to do your o,,,200,publish,nimbusplatform-lost-278-bnb-loans-attack,https://coincu.com/nimbusplatform-lost-278-bnb-loans-attack/,worth_fixing_bulk,MEDIUM,Single raw URL after colon; fixable with a straightforward source-link rewrite.,worth_fixing_bulk,MEDIUM,Single raw URL after colon; fixable with a straightforward source-link rewrite.
143700,outstanding-bnb-chain-metaverse-project,raw_url_in_parentheses,1,"a Ecosystem consists of the <strong>first-only-crypto B2C &amp; C2C travel booking</strong> portal called [Ariva. World](https://ariva.world), the world&#8217;s first and largest travel Metaverse called [Ariva Wonderland](https://ariva.game) (Ariva. Game), crypto payment gateway called [Ariva. Finance](https://ariva.fin",,,200,publish,outstanding-bnb-chain-metaverse-project,https://coincu.com/outstanding-bnb-chain-metaverse-project/,worth_fixing_bulk,MEDIUM,Single raw URL in parentheses; fixable with a straightforward source-link rewrite.,worth_fixing_bulk,MEDIUM,Single raw URL in parentheses; fixable with a straightforward source-link rewrite.
143500,core-scientific-class-action-lawsuit,raw_url_after_colon,1,"as the lead plaintiff of the&nbsp;<em>Core Scientific&nbsp;</em>class action lawsuit, please provide your information at: https://www.rgrdlaw.com/cases-core-scientific-inc-class-action-lawsuit-corz.html</p> <p>You can also contact attorney&nbsp;<a href=""https://www.rgrdlaw.com/attorneys-Juan-Carlos-Sanchez.html"" target=""_blank"" rel=""noopener"">J.C. Sanchez</a>&nbsp;of Robbins G",,,200,publish,core-scientific-class-action-lawsuit,https://coincu.com/core-scientific-class-action-lawsuit/,worth_fixing_bulk,MEDIUM,Single raw URL after colon; fixable with a straightforward source-link rewrite.,worth_fixing_bulk,MEDIUM,Single raw URL after colon; fixable with a straightforward source-link rewrite.
128209,investment-opportunity-sui-ecosystem,raw_url_after_colon,1,"u can experience creating a Sui wallet and then connect to dApps to perform token swap operations.</p> <p>Website: https://suiswap.app/app/</p> <figure class=""wp-block-gallery has-nested-images columns-default is-cropped wp-block-gallery-20 is-layout-flex wp-block-gallery-is-layout-flex""> <figure class=""wp-blo",,,200,publish,investment-opportunity-sui-ecosystem,https://coincu.com/investment-opportunity-sui-ecosystem/,worth_fixing_bulk,MEDIUM,Single raw URL after colon; fixable with a straightforward source-link rewrite.,worth_fixing_bulk,MEDIUM,Single raw URL after colon; fixable with a straightforward source-link rewrite.
138679,top-travel-to-earn-projects-that,raw_url_in_parentheses,1,"ry</strong>. Ariva Ecosystem consists of the first-only-crypto B2C &amp; C2C travel booking portal called [Ariva. World](https://ariva.world), the world&#8217;s first and largest Metaverse called [Ariva Wonderland](https://ariva.game) (Ariva. Game), crypto payment gateway called [Ariva. Finance](https://ariva.finance), ",,,200,publish,top-travel-to-earn-projects-that,https://coincu.com/top-travel-to-earn-projects-that/,worth_fixing_bulk,MEDIUM,Single raw URL in parentheses; fixable with a straightforward source-link rewrite.,worth_fixing_bulk,MEDIUM,Single raw URL in parentheses; fixable with a straightforward source-link rewrite.
135902,gate-official-twitter-was-hacked,raw_url_in_parentheses,1, Gate.io&#8217;s Twitter account and altered the website URL from <strong>Gate.io</strong> to <strong>gate.com</strong> (https://xn—gte-ipa.com/) – a bogus website mimicking the exchange.</p> <p><em>(CoinCu does not encourage you to access the scam link to avoid the risk of losing your property)</em></p> <figure class,,,200,publish,gate-official-twitter-was-hacked,https://coincu.com/gate-official-twitter-was-hacked/,worth_fixing_bulk,MEDIUM,Single raw URL in parentheses; fixable with a straightforward source-link rewrite.,worth_fixing_bulk,MEDIUM,Single raw URL in parentheses; fixable with a straightforward source-link rewrite.
125204,what-are-ethw-and-eths,broken_url_interrupted_by_anchor,1,"rencies/eth-ethereum/"" target=""_blank"" rel=""noreferrer noopener"">Ethereum</a>:</p> <p><strong>Website:</strong>&nbsp;https://<a href=""https://ethereum.org/en/"" target=""_blank"" rel=""noreferrer noopener"">https://ethereum.org/en/</a></p> <p><strong>Reddit:</strong><a href=""https://www.reddit.com/r/ethereum"" targ",,,200,publish,what-are-ethw-and-eths,https://coincu.com/what-are-ethw-and-eths/,worth_fixing_manual,MEDIUM,Evergreen Ethereum knowledge piece; fix the interrupted external URL manually rather than deleting.,worth_fixing_manual,MEDIUM,Evergreen Ethereum knowledge piece; fix the interrupted external URL manually rather than deleting.
123059,ethereum-the-merge,broken_url_interrupted_by_anchor,1,"rencies/eth-ethereum/"" target=""_blank"" rel=""noreferrer noopener"">Ethereum</a>:</p> <p><strong>Website:</strong>&nbsp;https://<a href=""https://ethereum.org/en/"" target=""_blank"" rel=""noreferrer noopener"">https://ethereum.org/en/</a></p> <p><strong>Reddit:</strong><a href=""https://www.reddit.com/r/ethereum"" targ",,,200,publish,ethereum-the-merge,https://coincu.com/ethereum-the-merge/,worth_fixing_manual,MEDIUM,Evergreen Ethereum knowledge piece; fix the interrupted external URL manually rather than deleting.,worth_fixing_manual,MEDIUM,Evergreen Ethereum knowledge piece; fix the interrupted external URL manually rather than deleting.
120423,grabpic-future-blue-chip-nfts,raw_url_after_colon,1,"lock-heading""><strong>How to join Bybit&#8217;s GrabPic and NFT launch</strong></h2> <p>Step1: Access the website: https://www.bybit.com/en-US/ then click on NFT</p> <figure class=""wp-block-gallery has-nested-images columns-default is-cropped wp-block-gallery-84 is-layout-flex wp-block-gallery-is-layout-flex""> <fi",,,200,publish,grabpic-future-blue-chip-nfts,https://coincu.com/grabpic-future-blue-chip-nfts/,worth_fixing_bulk,MEDIUM,Single raw URL after colon; fixable with a straightforward source-link rewrite.,worth_fixing_bulk,MEDIUM,Single raw URL after colon; fixable with a straightforward source-link rewrite.
127026,nfl-patriots-partner-with-chain,raw_url_after_colon,1,"courage you to do your own research before investing.</em></strong></p> <p>Join CoinCu Telegram to keep track of news: https://linktr.ee/coincu</p> <p><a href=""https://www.youtube.com/channel/UCkkfURZDXOqYFInLj3Vdqhg"" target=""_blank"" rel=""noreferrer noopener"">Follow CoinCu Youtube Channel</a>&nbsp;<a href=""https://www.",,,200,publish,nfl-patriots-partner-with-chain,https://coincu.com/nfl-patriots-partner-with-chain/,worth_fixing_bulk,MEDIUM,Single raw URL after colon; fixable with a straightforward source-link rewrite.,worth_fixing_bulk,MEDIUM,Single raw URL after colon; fixable with a straightforward source-link rewrite.
122415,sharkbot-malware-resurfaces,raw_url_in_parentheses,1,"l=""noopener"">@Mike_stokkel</a>! <a href=""https://t.co/uXt7qgcCXb"">https://t.co/uXt7qgcCXb</a></p>&mdash; Alberto Segura (https://infosec.exchange/@asegura) (@alberto__segura) <a href=""https://twitter.com/alberto__segura/status/1565659523339227137?ref_src=twsrc%5Etfw"" target=""_blank"" rel=""noopener"">September 2, 2022</a></blockquote><s",,,200,publish,sharkbot-malware-resurfaces,https://coincu.com/sharkbot-malware-resurfaces/,worth_fixing_bulk,MEDIUM,Single raw URL in parentheses; fixable with a straightforward source-link rewrite.,worth_fixing_bulk,MEDIUM,Single raw URL in parentheses; fixable with a straightforward source-link rewrite.
118417,how-to-add-dogechain-network-to-metamask,raw_url_after_colon,1,"ock-list"" style=""font-size: 16px""> <li><strong>Network Name</strong>: DogeChain</li> <li>‍<strong>Network URL</strong>: https://rpc01-sg.dogechain.dog</li> <li>‍<strong>Chain ID</strong>: 2000</li> <li>‍<strong>Currency Symbol</strong>: wDOGE</li> <li>‍<strong>Block Explorer URL</strong>: https://explorer.dogechain.dog</li> ",,,200,publish,how-to-add-dogechain-network-to-metamask,https://coincu.com/how-to-add-dogechain-network-to-metamask/,worth_fixing_bulk,MEDIUM,Single raw URL after colon; fixable with a straightforward source-link rewrite.,worth_fixing_bulk,MEDIUM,Single raw URL after colon; fixable with a straightforward source-link rewrite.
112771,scam-alert-channel-moon-pad-airdrops-scam,raw_url_after_colon,1, transfer a total of $190 twice to promote the project. The transaction is attached as follows:</p> <p>The first time: https://bscscan.com/tx/0x63f1c27a919fbe31819036452dc2814c6b812b6cfa5a11b974c662b92921fb8a</p> <p>The 2nd: https://bscscan.com/tx/0x9f1cd18a47523693d096d2468aa61ce90dc1f2603444c8143e01c0a6088823fc </p> <p><strong>Coincu ask:</strong> How do you find their informa,,,200,publish,scam-alert-channel-moon-pad-airdrops-scam,https://coincu.com/scam-alert-channel-moon-pad-airdrops-scam/,worth_fixing_bulk,MEDIUM,Single raw URL after colon; fixable with a straightforward source-link rewrite.,worth_fixing_bulk,MEDIUM,Single raw URL after colon; fixable with a straightforward source-link rewrite.
