post_id,post_name,url,match_rows,unique_matched_urls,sample_matched_url
393967,bitcoin-holds-as-warsh-eyed-for-fed-chair-15-goal,https://coincu.com/bitcoin-holds-as-warsh-eyed-for-fed-chair-15-goal/,8,8,https://fortune.com/2025/12/20/trump-new-fomc-chair-fed-rate-cuts-gdp-growth-hassett-warsh-waller/?utm_source=openai
394206,bitcoin-holds-as-sec-cftc-weigh-crypto-rule-harmonization,https://coincu.com/bitcoin-holds-as-sec-cftc-weigh-crypto-rule-harmonization/,7,7,https://cointelegraph.com/news/atkins-sec-authority-crypto-innovation-2026/?utm_source=openai
394839,bitcoin-falls-to-8k-scenario-as-strategy-details-debt-cover,https://coincu.com/bitcoin-falls-to-8k-scenario-as-strategy-details-debt-cover/,7,7,https://coinpaper.com/14649/even-if-btc-falls-to-8-k-mstr-bitcoin-strategy-can-cover-6-b-debt?utm_source=openai
394984,bitcoin-draws-focus-as-abtc-reserves-exceed-6000-btc,https://coincu.com/bitcoin-draws-focus-as-abtc-reserves-exceed-6000-btc/,7,7,https://accountable.us/watchdog-applauds-hfsc-democrats-walkout-of-republican-led-crypto-hearing-that-ignores-trump-familys-worsening-crypto-conflicts-self-dealing/?utm_source=openai
395736,section-232-tariffs-gain-focus-as-scotus-curbs-ieepa,https://coincu.com/section-232-tariffs-gain-focus-as-scotus-curbs-ieepa/,7,7,https://en.wikipedia.org/wiki/Learning_Resources%2C_Inc._v._Trump?utm_source=openai
397420,bitcoin-holds-as-uk-watchdogs-eye-farages-stack-btc-stake,https://coincu.com/bitcoin-holds-as-uk-watchdogs-eye-farages-stack-btc-stake/,7,7,https://commonslibrary.parliament.uk/research-briefings/cbp-10443/?utm_source=openai).
394264,usd1-stablecoin-debuts-with-bitgo-as-wlfi-eyes-remittances,https://coincu.com/usd1-stablecoin-debuts-with-bitgo-as-wlfi-eyes-remittances/,6,6,https://coinspot.io/en/news/usd1-stablecoin-from-world-liberty-financial-under-pressure-nydig-calls-for-greater-transparency/?utm_source=openai
394594,jup-moves-toward-net-zero-emissions-in-dao-proposal,https://coincu.com/jup-moves-toward-net-zero-emissions-in-dao-proposal/,6,6,https://discuss.jup.ag/t/draft-proposal-net-zero-emissions/39948?utm_source=openai
394996,bitcoin-drops-as-metaplanet-books-non-cash-fy2025-impairment,https://coincu.com/bitcoin-drops-as-metaplanet-books-non-cash-fy2025-impairment/,6,6,https://cointelegraph.com/news/metaplanet-raises-revenue-forecast-bitcoin-impairment?utm_source=openai
396221,stablecoins-eye-yield-rules-by-march-1-clarity-act-deadline,https://coincu.com/stablecoins-eye-yield-rules-by-march-1-clarity-act-deadline/,6,6,"https://coincu.com/c/news/"">news</a>/2026/02/19/white-house-standoff-will-the-6-trillion-stablecoin-yield-war-kill-the-clarity-act-by-march-1/?utm_source=openai&#8221;"
396304,crypto-markets-digest-irans-fourth-missile-salvo-on-israel,https://coincu.com/crypto-markets-digest-irans-fourth-missile-salvo-on-israel/,6,6,https://apnews.com/article/e11bf43338e72c0977c66d998074555f?utm_source=openai
396351,tokenized-gold-trades-24-7-amid-black-swan-risk,https://coincu.com/tokenized-gold-trades-24-7-amid-black-swan-risk/,6,6,https://www.btcc.com/en-AU/amp/square/Cryptonews/1099148?utm_source=openai
397660,tokenized-securities-remain-securities-under-sec-howey-test,https://coincu.com/tokenized-securities-remain-securities-under-sec-howey-test/,6,6,"https://coincu.com/c/news/"">news</a>/sec-commissioner-reaffirms-tokenized-assets-fall-under-securities-law?utm_source=openai).</p><h3"
397778,oil-steady-as-iran-power-shift-boosts-irgc-influence,https://coincu.com/oil-steady-as-iran-power-shift-boosts-irgc-influence/,6,6,https://english.elpais.com/international/2026-03-10/mojtaba-khamenei-a-supreme-leader-under-death-threats-and-little-hope-of-change.html?outputType=amp&amp;utm_source=openai).</p><p>U.S.-based
397937,wlfi-faces-scrutiny-as-super-node-needs-50m-180-day-lockup,https://coincu.com/wlfi-faces-scrutiny-as-super-node-needs-50m-180-day-lockup/,6,6,https://accountable.us/trump-coins-secret-dinners-and-a-2-5-billion-congressional-conflict/?utm_source=openai).</p><h3
397985,lebanon-israel-talks-weighed-as-1701-guides-format,https://coincu.com/lebanon-israel-talks-weighed-as-1701-guides-format/,6,6,https://en.kataeb.org/articles/lebanon-does-not-rule-out-direct-talks-with-israel-sources-say?utm_source=openai).</p><p><a
398093,bunker-fuel-reprices-as-fujairah-loading-halts-after-attack,https://coincu.com/bunker-fuel-reprices-as-fujairah-loading-halts-after-attack/,6,6,"https://coincu.com/c/market/"">market</a>-news/2797447-uae-s-fujairah-storage-terminals-resume-operations?utm_source=openai"
398099,oil-holds-above-100-as-fujairah-attacks-halt-bunkering,https://coincu.com/oil-holds-above-100-as-fujairah-attacks-halt-bunkering/,6,6,https://maritime-executive.com/article/drone-strikes-reported-in-fujairah-and-duqm?utm_source=openai).</p><p>On
398190,nvidia-outlines-groq-integration-amid-antitrust-scrutiny,https://coincu.com/nvidia-outlines-groq-integration-amid-antitrust-scrutiny/,6,6,https://siliconanalysts.com/analysis/nvidia-stock-nvda-news-today-groq-inference-deal-china-h200-watch-and-what-to-know-before-mondays-open-ts2tech?utm_source=openai).
398768,iran-shifts-to-offensive-doctrine-as-nato-israel-react,https://coincu.com/iran-shifts-to-offensive-doctrine-as-nato-israel-react/,6,6,https://mei.edu/ar/publication/iran-considers-its-response-to-potential-renewed-us-israeli-strikes/?utm_source=openai).
393970,tokenized-securities-gain-clarity-as-sec-signals-rulemaking,https://coincu.com/tokenized-securities-gain-clarity-as-sec-signals-rulemaking/,5,5,https://decrypt.co/356268/sec-tokenized-assets-securities-first-technology-second/?utm_source=openai
394061,solana-sees-scrutiny-as-1-5b-loss-claim-clarified,https://coincu.com/solana-sees-scrutiny-as-1-5b-loss-claim-clarified/,5,5,https://beincrypto.com/solana-dats-unrealized-losses-continue-to-grow//?utm_source=openai
394414,mirae-asset-seeks-92-06-korbit-stake-amid-fiu-review,https://coincu.com/mirae-asset-seeks-92-06-korbit-stake-amid-fiu-review/,5,5,https://financefeeds.com/korbit-faces-1-9m-aml-fine-while-mirae-asset-weighs-majority-stake/?utm_source=openai
394614,bytedance-draws-criticism-as-mpa-condemns-seedance-2-0,https://coincu.com/bytedance-draws-criticism-as-mpa-condemns-seedance-2-0/,5,5,https://copyrightalliance.org/press-releases/bytedances-release-seedance/?utm_source=openai
394818,x-faces-scrutiny-after-march-2025-outage-cloudflare-error,https://coincu.com/x-faces-scrutiny-after-march-2025-outage-cloudflare-error/,5,5,https://aiaslabs.com/2025/05/09/widespread-timeline-issues-hit-x-as-users-report-outages/?utm_source=openai
394832,prediction-markets-face-reset-as-buterin-urges-hedging,https://coincu.com/prediction-markets-face-reset-as-buterin-urges-hedging/,5,5,https://cointelegraph.com/news/prediction-markets-hedging-buterin?utm_source=openai
395273,bitcoin-sees-bank-participation-curbed-by-1250-basel-rule,https://coincu.com/bitcoin-sees-bank-participation-curbed-by-1250-basel-rule/,5,5,https://cointelegraph.com/explained/why-michael-saylor-wants-nations-to-build-bitcoin-banks?utm_source=openai
395326,gold-trading-shifts-as-hong-kong-maps-clearing-link-to-sge,https://coincu.com/gold-trading-shifts-as-hong-kong-maps-clearing-link-to-sge/,5,5,https://www.chinadailyhk.com/hk/article/597132?utm_source=openai
395368,ethereum-weighs-risc-v-layer-amid-censorship-push,https://coincu.com/ethereum-weighs-risc-v-layer-amid-censorship-push/,5,5,https://blockworks.co/news/vitalik-ethereum-evm-scaling-l1-plan/?utm_source=openai
395573,prediction-markets-face-liquidity-gaps-amid-insider-risk,https://coincu.com/prediction-markets-face-liquidity-gaps-amid-insider-risk/,5,5,https://arxiv.org/abs/2601.01706?utm_source=openai
395997,usdc-gains-traction-as-stripe-rolls-out-tempo-settlement,https://coincu.com/usdc-gains-traction-as-stripe-rolls-out-tempo-settlement/,5,5,https://techcrunch.com/2025/09/04/stripe-enlists-a-whos-who-including-anthropic-openai-and-paradigm-to-build-a-new-blockchain/?utm_source=openai
396096,gold-and-silver-etfs-broaden-reach-after-sebi-pfrda-moves,https://coincu.com/gold-and-silver-etfs-broaden-reach-after-sebi-pfrda-moves/,5,5,https://www.business-standard.com/amp/markets/mutual-fund/equity-mfs-may-soon-get-to-dabble-into-gold-silver-125072201244_1.html?utm_source=openai
396394,markets-watch-khamenei-death-reports-after-tehran-strikes,https://coincu.com/markets-watch-khamenei-death-reports-after-tehran-strikes/,5,5,https://apnews.com/article/b7c1071c7c07036ce41040863e38ed64?utm_source=openai
396407,iran-says-pezeshkian-survived-amid-us-israel-strikes,https://coincu.com/iran-says-pezeshkian-survived-amid-us-israel-strikes/,5,5,https://apnews.com/article/578a5791e81493edd09951898ae6f712?utm_source=openai
396410,polymarket-draws-scrutiny-after-iran-strike-bets,https://coincu.com/polymarket-draws-scrutiny-after-iran-strike-bets/,5,5,https://www.barrons.com/articles/prediction-markets-insider-trading-polymarket-kalshi-d5adb0c6?utm_source=openai
396458,iran-retaliates-with-missiles-after-reported-khamenei-death,https://coincu.com/iran-retaliates-with-missiles-after-reported-khamenei-death/,5,5,"https://coincu.com/c/news/"">news</a>/2026/3/1/us-israel-attacks-on-iran-day-2-khamenei-is-killed-iran-retaliates?utm_source=openai&#8221;"
397964,moonshot-ai-draws-scrutiny-on-18b-rumor-amid-funding-review,https://coincu.com/moonshot-ai-draws-scrutiny-on-18b-rumor-amid-funding-review/,5,5,https://eastoregonian.com/2024/04/08/one-of-elon-musks-newer-companies-is-eyeing-an-18-billion-valuation/?utm_source=openai).</p><p>Another
398025,gold-steadies-as-iran-rejects-talks-eu-snapback-in-focus,https://coincu.com/gold-steadies-as-iran-rejects-talks-eu-snapback-in-focus/,5,5,https://www.aljazeera.com/news/2025/8/22/iran-rejects-sanctions-threats-before-renewed-nuclear-talks-with-europe?utm_source=openai).
398052,gold-holds-ahead-of-super-central-bank-week-on-energy-risks,https://coincu.com/gold-holds-ahead-of-super-central-bank-week-on-energy-risks/,5,5,https://aapnews.aap.com.au/news/bank-chief-s-big-watch-on-inflation-cost-of-iran-action?utm_source=openai).</p><h3
398543,rmb-steadies-as-pboc-outlines-market-stability-toolkit,https://coincu.com/rmb-steadies-as-pboc-outlines-market-stability-toolkit/,5,5,https://thediplomat.com/2024/11/listening-to-chinas-economic-whisperers/?utm_source=openai
394345,paypay-files-for-u-s-ipo-amid-softbank-ai-push,https://coincu.com/paypay-files-for-u-s-ipo-amid-softbank-ai-push/,6,4,https://finance.yahoo.com/news/exclusive-paypay-valuation-could-exceed-045343325.html?utm_source=openai
393815,us-iran-nuclear-talks-steady-as-uranium-dispute-flares,https://coincu.com/us-iran-nuclear-talks-steady-as-uranium-dispute-flares/,4,4,https://apnews.com/article/826b7707e0d584d181f65c0e51846dbb?utm_source=openai
393853,ardor-ardr-faces-binance-pair-review-amid-delisting-queries,https://coincu.com/ardor-ardr-faces-binance-pair-review-amid-delisting-queries/,4,4,https://coinness.com/en/news/1148586?utm_source=openai
393894,erebor-bank-secures-conditional-occ-nod-post-svb,https://coincu.com/erebor-bank-secures-conditional-occ-nod-post-svb/,4,4,https://business.columbia.edu/insights/finance-economics/after-silicon-valley-banks-collapse-cbs-experts-weigh-causes-solutions?utm_source=openai
393925,hyperliquid-open-interest-dips-below-5b-amid-liquidations,https://coincu.com/hyperliquid-open-interest-dips-below-5b-amid-liquidations/,4,4,https://cointelegraph.com/news/aster-open-interest-surge-hyperliquid-daily-volumes/?utm_source=openai
393931,story-protocol-ip-delays-unlock-to-aug-2026-amid-ai-shift,https://coincu.com/story-protocol-ip-delays-unlock-to-aug-2026-amid-ai-shift/,4,4,https://www.ainvest.com/news/story-protocol-ip-unlock-delay-liquidity-pause-weak-price-action-2602/?utm_source=openai
393985,crypto-access-tightens-as-victory-securities-blocks-cn-ips,https://coincu.com/crypto-access-tightens-as-victory-securities-blocks-cn-ips/,4,4,https://news.superex.com/flash/30781.html?utm_source=openai
394070,usdt0-routes-liquidity-as-layerzero-oft-links-chains,https://coincu.com/usdt0-routes-liquidity-as-layerzero-oft-links-chains/,4,4,"https://coincu.com/news/crypto/"">crypto</a>-Networks?utm_source=openai&#8221;"
394081,federal-reserve-signals-caution-on-ai-jobs-rate-path,https://coincu.com/federal-reserve-signals-caution-on-ai-jobs-rate-path/,4,4,https://arxiv.org/abs/2503.19159?utm_source=openai
394112,polymarket-adds-attention-markets-in-kaito-ai-tie-up,https://coincu.com/polymarket-adds-attention-markets-in-kaito-ai-tie-up/,4,4,https://coingape.com/prediction-market-news-polymarket-to-offer-attention-markets-amid-regulatory-crackdown/?utm_source=openai
394227,solana-gains-traction-on-rwa-tokenization-stablecoin-rails,https://coincu.com/solana-gains-traction-on-rwa-tokenization-stablecoin-rails/,4,4,https://forklog.com/en/bitwise-predicts-solana-as-wall-streets-future-favorite/?utm_source=openai
394387,u-s-cpi-eyed-ahead-of-january-2026-print-fed-path-in-focus,https://coincu.com/u-s-cpi-eyed-ahead-of-january-2026-print-fed-path-in-focus/,4,4,https://apnews.com/article/d489cfa4b48e32232f136830333d1db0?utm_source=openai
394611,crcl-faces-scrutiny-as-vanguard-13f-flags-400m-loss,https://coincu.com/crcl-faces-scrutiny-as-vanguard-13f-flags-400m-loss/,4,4,https://www.ainvest.com/news/vanguard-circle-holdings-face-400-million-unrealized-loss-q4-filing-2602/?utm_source=openai
394659,ether-holds-as-buterin-backs-hedging-first-markets,https://coincu.com/ether-holds-as-buterin-backs-hedging-first-markets/,4,4,https://insights.som.yale.edu/insights/dont-trust-the-political-prediction-markets?utm_source=openai
394706,binance-faces-scrutiny-over-iran-linked-usdt-on-tron,https://coincu.com/binance-faces-scrutiny-over-iran-linked-usdt-on-tron/,4,4,https://fortune.com/2026/02/13/binance-investigators-fired-iran-sanctions-potential-violations/?utm_source=openai
394980,crypto-markets-await-sec-cftc-split-as-bill-nears,https://coincu.com/crypto-markets-await-sec-cftc-split-as-bill-nears/,4,4,https://cointelegraph.com/news/cftc-commissioners-amendment-market-structure-bill-markup?utm_source=openai
395055,bnb-draws-scrutiny-on-5354x-claim-as-burn-regulation-weigh,https://coincu.com/bnb-draws-scrutiny-on-5354x-claim-as-burn-regulation-weigh/,4,4,https://www.ainvest.com/news/binance-strategic-leadership-shift-assessing-impact-yi-ceo-bnb-ecosystem-growth-2512/?utm_source=openai
395255,robinhood-logs-22-9b-crypto-3-4b-event-contracts-jan-26,https://coincu.com/robinhood-logs-22-9b-crypto-3-4b-event-contracts-jan-26/,4,4,https://www.ccn.com/news/crypto/robinhood-prediction-market-supercycle-cftc-event-contracts-rothera/?utm_source=openai
395337,stablecoins-face-yield-curbs-as-us-bill-talks-continue,https://coincu.com/stablecoins-face-yield-curbs-as-us-bill-talks-continue/,4,4,https://stocktwits.com/news-articles/markets/cryptocurrency/white-house-takes-reins-in-crypto-bank-stablecoin-talks/cZRZsUXR4DY/?utm_source=openai
395354,kalshi-odds-face-scrutiny-amid-supreme-court-ieepa-review,https://coincu.com/kalshi-odds-face-scrutiny-amid-supreme-court-ieepa-review/,4,4,https://en.bloomingbit.io/feed/news/106417/?utm_source=openai
395469,ethereum-weighs-risc-v-target-after-buterins-vision,https://coincu.com/ethereum-weighs-risc-v-target-after-buterins-vision/,4,4,https://crypto2community.com/crypto-news/ethereum-foundations-new-co-executive-responds-to-vitalik-buterins-risc-v-proposal/?utm_source=openai
395585,jup-pares-emissions-as-dao-vote-passes-net-zero-plan,https://coincu.com/jup-pares-emissions-as-dao-vote-passes-net-zero-plan/,4,4,https://cryptorank.io/news/feed/adab3-jupiter-dao-vote-canceling-jupuary-airdrops?utm_source=openai
396050,stripe-flags-ai-native-shift-as-usage-pricing-reshapes-saas,https://coincu.com/stripe-flags-ai-native-shift-as-usage-pricing-reshapes-saas/,4,4,https://techcrunch.com/2025/02/27/stripe-ceo-says-ai-startups-are-growing-faster-than-saas-ever-did-and-calling-them-wrappers-misses-the-point/?utm_source=openai
396072,forum-pivots-to-rwa-after-rebrand-targets-home-loans,https://coincu.com/forum-pivots-to-rwa-after-rebrand-targets-home-loans/,4,4,https://cointelegraph.com/news/peter-thiel-founders-fund-exits-ethzilla-stake?utm_source=openai
396075,usdt-draws-scrutiny-as-u-s-seizes-61m-in-pig-butchering-case,https://coincu.com/usdt-draws-scrutiny-as-u-s-seizes-61m-in-pig-butchering-case/,4,4,https://finance.yahoo.com/news/stablecoin-law-allows-crypto-firms-140057400.html/?utm_source=openai
396093,aave-surpasses-1t-lending-as-horizon-opens-rwa-markets,https://coincu.com/aave-surpasses-1t-lending-as-horizon-opens-rwa-markets/,4,4,https://chainlinktoday.com/aaves-stani-kulechov-on-embedded-defis-trillion-dollar-opportunity/?utm_source=openai
396103,dragonfly-capital-faces-scrutiny-amid-founding-dispute,https://coincu.com/dragonfly-capital-faces-scrutiny-amid-founding-dispute/,4,4,https://fortune.com/2026/02/17/dragonfly-fourth-fund-crypto-venture-capital-blockchain-polymarket-ethena//?utm_source=openai
396124,zetrix-ai-secures-40m-ifc-backing-amid-malaysia-dpi-push,https://coincu.com/zetrix-ai-secures-40m-ifc-backing-amid-malaysia-dpi-push/,4,4,https://www.ainvest.com/news/malaysian-zetrix-completes-40-million-funding-ai-subsidiary-plans-nasdaq-listing-2602-65/?utm_source=openai
396264,pyusd-expands-access-as-pyusdx-launches-with-moonpay,https://coincu.com/pyusd-expands-access-as-pyusdx-launches-with-moonpay/,4,4,https://en.cryptonomist.ch/2026/02/27/pyusdx-stablecoin-infrastructure/?utm_source=openai
396323,pentagon-pizza-index-resurfaces-amid-u-s-strikes-on-iran,https://coincu.com/pentagon-pizza-index-resurfaces-amid-u-s-strikes-on-iran/,4,4,"https://coincu.com/c/news/"">news</a>/what-pentagon-pizza-meter-and-can-it-predict-wars?utm_source=openai&#8221;"
396326,google-maps-tested-in-pentagon-pizza-index-june-12-check,https://coincu.com/google-maps-tested-in-pentagon-pizza-index-june-12-check/,4,4,https://en.wikipedia.org/wiki/Pentagon<em>pizza</em>theory?utm_source=openai
396335,oil-tankers-reroute-as-hormuz-tensions-rise,https://coincu.com/oil-tankers-reroute-as-hormuz-tensions-rise/,4,4,https://www.bairdmaritime.com/shipping/commercial-shipping-traffic-continues-through-strait-of-hormuz-amid-uncertainty-following-israel-iran-hostilities?utm_source=openai
396361,polymarket-faces-scrutiny-after-6-5m-iran-bet-loss,https://coincu.com/polymarket-faces-scrutiny-after-6-5m-iran-bet-loss/,4,4,https://philippdubach.com/posts/the-absolute-insider-mess-of-prediction-markets/?utm_source=openai
396430,bitcoin-steady-as-u-s-vows-unprecedented-force-on-iran,https://coincu.com/bitcoin-steady-as-u-s-vows-unprecedented-force-on-iran/,4,4,https://apnews.com/article/693bc30bbbc98660d81f4a13f65ca10f?utm_source=openai
396611,brent-crude-climbs-as-u-s-iran-tensions-escalate,https://coincu.com/brent-crude-climbs-as-u-s-iran-tensions-escalate/,4,4,https://apnews.com/article/85f4139b11e5191d880a6e114e1b5a62?utm_source=openai).</p><h2
397508,google-advances-gemini-ai-agents-for-pentagon-amid-pushback,https://coincu.com/google-advances-gemini-ai-agents-for-pentagon-amid-pushback/,4,4,https://apnews.com/article/9b28dda41bdb52b6a378fa9fc80b8fda?utm_source=openai).
397593,wells-fargo-files-wfusd-trademark-amid-tokenization-push,https://coincu.com/wells-fargo-files-wfusd-trademark-amid-tokenization-push/,4,4,https://cointelegraph.com/news/wells-fargo-files-trademark-crypto-trading-payments-wfusd?utm_source=openai).
397830,oil-holds-as-g7-call-claim-on-iran-faces-scrutiny,https://coincu.com/oil-holds-as-g7-call-claim-on-iran-faces-scrutiny/,4,4,"https://coincu.com/c/news/"">news</a>/what-irans-supreme-leader-ayatollah-ali-khamenei-said-on-trumps-surrender-remark-8771325?utm_source=openai)."
398096,aave-reviews-mev-slippage-safeguards-after-50m-cow-swap,https://coincu.com/aave-reviews-mev-slippage-safeguards-after-50m-cow-swap/,4,4,https://aave.com/blog/aave-cow-swap?utm_source=openai).
398124,ironlight-raises-12m-per-filings-ats-status-detailed,https://coincu.com/ironlight-raises-12m-per-filings-ats-status-detailed/,4,4,https://www.coindesk.com/business/2024/05/02/tradfi-veterans-pitch-tokenized-asset-marketplace-with-eyes-on-us-regulatory-approval?utm_source=openai).</p><p>Subsequent
398361,fed-dot-plot-tilts-to-one-2024-cut-as-core-pce-stays-firm,https://coincu.com/fed-dot-plot-tilts-to-one-2024-cut-as-core-pce-stays-firm/,4,4,https://www.cnbc.com/2024/11/04/top-wall-street-execs-are-getting-skeptical-on-the-feds-easing-path.html?utm_source=openai).</p><h2
398398,netflix-readies-the-altruists-as-ftx-case-lingers,https://coincu.com/netflix-readies-the-altruists-as-ftx-case-lingers/,4,4,https://carleton.ca/panl/wp-content/uploads/What-Can-the-Philanthropic-Sector-Take-from-the-Downfall-of-Samuel-Bankman-Fried-and-His-Ties-to-Effective-Altruism-a-five-part-series-by-Calum-Carmichael-2023-1.pdf?utm_source=openai).</p><p>Trial
398429,bitcoin-trades-as-cz-flags-high-u-s-fees-weak-competition,https://coincu.com/bitcoin-trades-as-cz-flags-high-u-s-fees-weak-competition/,4,4,https://business.cch.com/srd/BinanceandCEOPleadGuiltytoFederalCharges.pdf?utm_source=openai
398432,digital-won-advances-as-phase-2-pilot-starts-with-9-banks,https://coincu.com/digital-won-advances-as-phase-2-pilot-starts-with-9-banks/,4,4,https://biz.chosun.com/en/en-policy/2025/08/03/OOLUDEP4VZHLZNYIDHYYT2YU2I/?utm_source=openai).
398571,euro-holds-as-ecb-stands-pat-markets-price-2026-cuts,https://coincu.com/euro-holds-as-ecb-stands-pat-markets-price-2026-cuts/,4,4,https://athens-times.com/ecb-holds-rates-steady-amid-inflation-moderation-and-euro-strength-lagardes-message/?utm_source=openai).
394224,solana-logs-376m-buidl-mint-as-blackrock-fund-tie-reviewed,https://coincu.com/solana-logs-376m-buidl-mint-as-blackrock-fund-tie-reviewed/,6,3,https://finance.yahoo.com/news/blackrock-expands-buidl-solana-tokenized-005300913.html?utm_source=openai
393915,tempo-faces-scrutiny-as-varun-srinivasan-link-unverified,https://coincu.com/tempo-faces-scrutiny-as-varun-srinivasan-link-unverified/,3,3,https://farcaster.xyz/v/casts-and-replies?utm_source=openai
393973,stablecoins-see-yield-limits-debated-in-white-house-talks,https://coincu.com/stablecoins-see-yield-limits-debated-in-white-house-talks/,3,3,https://cointelegraph.com/news/trump-crypto-advisor-compromises-pass-crypto-bill?utm_source=openai
393982,tokenized-u-s-treasuries-top-10b-on-inflows-to-buidl-usyc,https://coincu.com/tokenized-u-s-treasuries-top-10b-on-inflows-to-buidl-usyc/,3,3,https://cointelegraph.com/news/tokenized-treasuries-cross-8-6b-as-banks-and-exchanges-push-collateral-use?utm_source=openai
394058,renminbi-steadies-as-pboc-signals-prudent-easing-rrr-cuts,https://coincu.com/renminbi-steadies-as-pboc-signals-prudent-easing-rrr-cuts/,3,3,https://en.people.cn/n3/2025/0214/c90000-20276866.html?utm_source=openai
394090,binance-listings-policy-under-debate-as-cz-backs-automation,https://coincu.com/binance-listings-policy-under-debate-as-cz-backs-automation/,3,3,https://blockworks.co/news/token-transparency-framework?utm_source=openai
394093,goldman-sachs-sees-favorable-macro-for-risk-assets-in-2026,https://coincu.com/goldman-sachs-sees-favorable-macro-for-risk-assets-in-2026/,3,3,https://www.americanbanker.com/news/goldman-sachs-exceeds-forecasts-in-improved-environment?utm_source=openai
394105,zro-swings-after-layerzeros-deleted-zero-chain-video,https://coincu.com/zro-swings-after-layerzeros-deleted-zero-chain-video/,3,3,https://www.theblock.co/post/389222/tether-makes-strategic-investment-into-layerzero-labs-creator-of-tech-used-for-usdt0?utm_source=openai
394127,opinion-opn-reviewed-as-coinbase-updates-listing-roadmap,https://coincu.com/opinion-opn-reviewed-as-coinbase-updates-listing-roadmap/,3,3,https://coinomedia.com/coinbase-roadmap-update/?utm_source=openai
394212,hkd-stablecoins-advance-as-hong-kong-refines-licensing,https://coincu.com/hkd-stablecoins-advance-as-hong-kong-refines-licensing/,3,3,https://arxiv.org/abs/2508.11651?utm_source=openai
394218,bitcoin-sees-accumulation-as-scaramucci-buys-in-downturn,https://coincu.com/bitcoin-sees-accumulation-as-scaramucci-buys-in-downturn/,3,3,https://coinness.com/mn/news/84664?utm_source=openai
394242,bitcoin-sees-asset-disposal-stall-amid-doj-civil-forfeiture,https://coincu.com/bitcoin-sees-asset-disposal-stall-amid-doj-civil-forfeiture/,3,3,https://cointelegraph.com/news/elderly-us-victim-loses-330m-bitcoin-in-social-engineering-theft?utm_source=openai
394406,ai-stocks-weigh-bubble-risk-after-cathie-wood-deflation-case,https://coincu.com/ai-stocks-weigh-bubble-risk-after-cathie-wood-deflation-case/,3,3,https://www.axios.com/2025/12/02/ai-bubble-stock-market-forecast-oecd?utm_source=openai
394515,mirae-asset-secures-92-of-korbit-as-rules-tighten,https://coincu.com/mirae-asset-secures-92-of-korbit-as-rules-tighten/,3,3,https://coincodecap.com/south-korean-financial-giant-mirae-asset-in-advanced-talks-to-acquire-korbit-crypto-exchange?utm_source=openai
394641,coinbase-sees-benchmark-cut-target-to-267-after-q4-miss,https://coincu.com/coinbase-sees-benchmark-cut-target-to-267-after-q4-miss/,3,3,https://finviz.com/news/310819/coinbase-doubles-market-share-analyst-says-stock-is-more-diversified-than-ever?utm_source=openai
394647,bitcoin-etfs-see-scrutiny-as-avenir-13f-shows-ibit-stake,https://coincu.com/bitcoin-etfs-see-scrutiny-as-avenir-13f-shows-ibit-stake/,3,3,https://www.cointime.ai/flash-news/avenir-group-82383?utm_source=openai
394709,tether-backs-dreamcash-for-usdt0-perpetuals-on-hyperliquid,https://coincu.com/tether-backs-dreamcash-for-usdt0-perpetuals-on-hyperliquid/,3,3,https://coinlaw.io/dreamcash-tether-usdt0-stock-perpetuals-hyperliquid/?utm_source=openai
394712,polynomial-winds-down-as-liquidity-layer-closes,https://coincu.com/polynomial-winds-down-as-liquidity-layer-closes/,3,3,https://www.aicoin.com/en/news-flash/2758332?utm_source=openai
394737,bitcoin-trades-as-liquidity-chip-structure-steer-flows,https://coincu.com/bitcoin-trades-as-liquidity-chip-structure-steer-flows/,3,3,https://chainthink.cn/en/news?utm_source=openai
394796,bitcoin-holds-as-schwab-eyes-stablecoin-spot-btc-eth,https://coincu.com/bitcoin-holds-as-schwab-eyes-stablecoin-spot-btc-eth/,3,3,https://cointelegraph.com/news/charles-schwab-traditional-companies-hiring-for-crypto-push-amid-regulatory-clarity?utm_source=openai
394857,binance-clarifies-listing-roles-as-he-yi-says-chase-is-bd,https://coincu.com/binance-clarifies-listing-roles-as-he-yi-says-chase-is-bd/,3,3,https://phemex.com/news/article/he-yi-clarifies-role-of-former-binance-employee-chase-60684?utm_source=openai
394860,pikachu-illustrator-psa-10-sets-record-at-goldin-sale,https://coincu.com/pikachu-illustrator-psa-10-sets-record-at-goldin-sale/,3,3,https://apnews.com/article/e4f17184466589e7313b58de734a06ad?utm_source=openai
394874,ethereum-maintains-neutrality-after-buterin-comments,https://coincu.com/ethereum-maintains-neutrality-after-buterin-comments/,3,3,https://arxiv.org/abs/2506.14393?utm_source=openai
394964,dragonfly-capital-closes-650m-fund-iii-amid-vc-pullback,https://coincu.com/dragonfly-capital-closes-650m-fund-iii-amid-vc-pullback/,3,3,https://cointelegraph.com/news/dragonfly-capital-raises-650m-in-tertiary-funding-round?utm_source=openai
395290,kalshi-wins-tennessee-ruling-event-contracts-under-cftc,https://coincu.com/kalshi-wins-tennessee-ruling-event-contracts-under-cftc/,3,3,https://igamingbusiness.com/legal-compliance/judge-grants-kalshi-preliminary-injunction-new-jersey/?utm_source=openai
395293,bitcoin-steadies-as-warren-seeks-fed-treasury-no-bailout,https://coincu.com/bitcoin-steadies-as-warren-seeks-fed-treasury-no-bailout/,3,3,https://thecurrencyanalytics.com/altcoins/treasury-blocks-bitcoin-bailout-dreams-in-fiery-capitol-hill-showdown-239737?utm_source=openai
395380,tokenized-gold-advances-as-hkgx-blockchain-claim-reviewed,https://coincu.com/tokenized-gold-advances-as-hkgx-blockchain-claim-reviewed/,3,3,https://hkgx.com.hk/en/media/corporatenews/8371518250491072387?utm_source=openai
395393,payment-stablecoins-see-2-haircut-under-rule-15c3-1,https://coincu.com/payment-stablecoins-see-2-haircut-under-rule-15c3-1/,3,3,https://financialservices.house.gov/news/documentsingle.aspx%3FDocumentID%3D409502?utm_source=openai
395597,ethereum-moves-on-buterin-transaction-demo-proposal,https://coincu.com/ethereum-moves-on-buterin-transaction-demo-proposal/,3,3,https://cointelegraph.com/news/vitalik-buterin-advocates-intent-based-security?utm_source=openai
395607,tether-winds-down-cnht-amid-sec-2-haircut-guidance,https://coincu.com/tether-winds-down-cnht-amid-sec-2-haircut-guidance/,3,3,https://www.ainvest.com/news/tether-announces-offshore-rmb-stablecoin-cnht-issuance-redemption-2602/?utm_source=openai
395686,jup-supply-tightens-as-dao-cuts-net-release-to-zero,https://coincu.com/jup-supply-tightens-as-dao-cuts-net-release-to-zero/,3,3,https://www.ainvest.com/news/jupiter-reduce-jup-net-emissions-proposal-approved-jupuary-airdrop-indefinitely-postponed-2602-63/?utm_source=openai
395733,bitcoin-steadies-as-may-22-uk-victim-deadline-questioned,https://coincu.com/bitcoin-steadies-as-may-22-uk-victim-deadline-questioned/,3,3,https://finance.yahoo.com/news/chinese-victims-face-long-fight-094658076.html?utm_source=openai
395745,usd1-holds-peg-after-brief-depeg-wlfi-alleges-attack,https://coincu.com/usd1-holds-peg-after-brief-depeg-wlfi-alleges-attack/,3,3,https://coincentral.com/wlfi-says-coordinated-attack-hit-trump-linked-usd1-as-stablecoin-loses-peg/?utm_source=openai
395826,stripe-valued-at-159b-after-employee-tender-offer,https://coincu.com/stripe-valued-at-159b-after-employee-tender-offer/,3,3,https://finance.yahoo.com/news/stripe-valuation-jumps-159-billion-131258707.html/?utm_source=openai
395887,poca-civil-recovery-guides-chinese-victim-claims-in-cps-case,https://coincu.com/poca-civil-recovery-guides-chinese-victim-claims-in-cps-case/,3,3,https://www.caixinglobal.com/2025-09-29/exclusive-alleged-chinese-mastermind-behind-massive-bitcoin-money-laundering-stands-trial-in-uk-102367499.html?utm_source=openai
395891,bitcoin-reacts-as-putin-signs-law-enabling-crypto-seizures,https://coincu.com/bitcoin-reacts-as-putin-signs-law-enabling-crypto-seizures/,3,3,https://dig.watch/updates/crypto-assets-to-be-treated-as-property-in-russia?utm_source=openai
396033,stablecoins-gain-focus-as-stripe-backs-programmable-rails,https://coincu.com/stablecoins-gain-focus-as-stripe-backs-programmable-rails/,3,3,https://www.forbes.com/sites/claraludmir/2026/02/16/agentic-commerce-adoption-is-inevitable-and-resisting-it-may-not-be-an-option/?ss=small-business-taxes&#038;utm_source=openai
396069,ethereum-outlines-seven-forks-by-2029-in-strawmap,https://coincu.com/ethereum-outlines-seven-forks-by-2029-in-strawmap/,3,3,https://cryptobriefing.com/ethereum-future-upgrades-strawmap/?utm_source=openai
396078,anthropic-weighs-ai-guardrails-amid-pentagon-push,https://coincu.com/anthropic-weighs-ai-guardrails-amid-pentagon-push/,3,3,"https://coincu.com/c/news/"">news</a>/2026/feb/24/anthropic-claude-military-ai?utm_source=openai&#8221;"
396087,bitcoin-gains-safeguards-as-indiana-hb-1042-advances,https://coincu.com/bitcoin-gains-safeguards-as-indiana-hb-1042-advances/,3,3,https://indianacapitalchronicle.com/2026/02/05/indiana-lawmakers-consider-crypto-pension-investments-atm-scam-crackdown/?utm_source=openai
396151,solana-launches-payments-with-simulator-for-stablecoins,https://coincu.com/solana-launches-payments-with-simulator-for-stablecoins/,3,3,https://solana.com/docs/payments?utm_source=openai
396154,iotx-holds-as-iip-56-verification-sought-for-ciotx,https://coincu.com/iotx-holds-as-iip-56-verification-sought-for-ciotx/,3,3,https://community.iotex.io/t/iip-qubits-quantum-resistant-upgrade-initiative-qri/15864?utm_source=openai
396166,sovereign-debt-faces-limits-as-ai-gains-meet-aging-costs,https://coincu.com/sovereign-debt-faces-limits-as-ai-gains-meet-aging-costs/,3,3,https://www.bis.org/publ/arpdf/ar2024e3.htm?utm_source=openai
396179,bitcoin-whale-flows-reassessed-after-30-day-claim,https://coincu.com/bitcoin-whale-flows-reassessed-after-30-day-claim/,3,3,https://cryptobriefing.com/bitcoin-sharks-accumulate-record-3-65m-btc-glassnode-report/?utm_source=openai
396186,tokenized-gold-draws-bids-as-crypto-sells-off-macro-focus,https://coincu.com/tokenized-gold-draws-bids-as-crypto-sells-off-macro-focus/,3,3,https://cointelegraph.com/news/gold-digital-rally-mirrors-rising-stress-dollar//?utm_source=openai
396199,tether-draws-350-375b-valuation-on-secondary-trades,https://coincu.com/tether-draws-350-375b-valuation-on-secondary-trades/,3,3,https://forklog.com/en/tether-ceo-challenges-515-billion-valuation-as-undervalued/?utm_source=openai
396235,u-s-tariffs-face-refund-claims-after-supreme-court-ruling,https://coincu.com/u-s-tariffs-face-refund-claims-after-supreme-court-ruling/,3,3,https://www.forbes.com/sites/kellyphillipserb/2026/02/20/refunds-new-tariffs-and-2k-checks-questions-swirl-after-supreme-court-ruling/?utm_source=openai
396364,ethereum-eyes-native-accounts-as-eip-8141-focil-align,https://coincu.com/ethereum-eyes-native-accounts-as-eip-8141-focil-align/,3,3,https://blockonomi.com/vitalik-buterin-details-ethereum-quantum-defense-roadmap/?utm_source=openai
396370,iran-internet-drops-to-4-amid-us-israeli-strikes,https://coincu.com/iran-internet-drops-to-4-amid-us-israeli-strikes/,3,3,https://www.amnesty.org/en/latest/news/2026/01/internet-shutdown-in-iran-hides-violations-in-escalating-protests/?utm_source=openai
396498,bitcoin-supply-in-loss-nears-46-as-sopr-stays-sub-1,https://coincu.com/bitcoin-supply-in-loss-nears-46-as-sopr-stays-sub-1/,3,3,https://cryptoslate.com/bitcoin-institutions-admit-we-are-in-a-bear-market-but-70-say-the-price-is-still-undervalued/?utm_source=openai
397400,bitcoin-marks-20-million-mined-as-halving-tightens-float,https://coincu.com/bitcoin-marks-20-million-mined-as-halving-tightens-float/,3,3,"https://coincu.com/c/news/"">news</a>/bitcoin-95-percent-supply-milestone-scarcity-maturity/?utm_source=openai"
397717,jpmorgan-faces-class-action-over-328m-goliath-scheme,https://coincu.com/jpmorgan-faces-class-action-over-328m-goliath-scheme/,3,3,"https://coincu.com/news/crypto/"">crypto</a>-ponzi-scheme-class-action?utm_source=openai)."
397952,oil-steadies-as-iran-warns-on-gulf-ports-after-kharg,https://coincu.com/oil-steadies-as-iran-warns-on-gulf-ports-after-kharg/,3,3,"https://coincu.com/c/news/"">news</a>/live-updates/iran-live-updates-130893022/iran-says-if-its-ports-are-threatened-all-ports-in-region-will-be-legitimate-targets-130974417?utm_source=openai).</p><h2"
398028,deso-sees-sec-case-dismissed-without-prejudice-as-doj-acts,https://coincu.com/deso-sees-sec-case-dismissed-without-prejudice-as-doj-acts/,3,3,https://www.cnbc.com/2025/02/26/sec-tron-founder-justin-sun-explore-resolution-of-civil-fraud-case.html?utm_source=openai).</p><h2
398133,openai-weighs-10b-pe-jv-as-ipo-runway-capex-needs-rise,https://coincu.com/openai-weighs-10b-pe-jv-as-ipo-runway-capex-needs-rise/,3,3,"https://coincu.com/c/news/"">news</a>/press/20250401?utm_source=openai).</p><h2"
398287,oil-steadies-as-iran-denies-larijani-assassination-reports,https://coincu.com/oil-steadies-as-iran-denies-larijani-assassination-reports/,3,3,https://apnews.com/article/35d15d7cbcfa65fd7d180c28d38e7f31?utm_source=openai).
398313,hezbollah-claim-faces-scrutiny-amid-israel-lebanon-clashes,https://coincu.com/hezbollah-claim-faces-scrutiny-amid-israel-lebanon-clashes/,3,3,https://www.aljazeera.com/amp/news/2026/3/2/israel-bombs-beirut-after-hezbollah-launches-rocket-attack?utm_source=openai).</p><p>The
398486,pentagon-seeks-50b-200b-report-faces-scrutiny,https://coincu.com/pentagon-seeks-50b-200b-report-faces-scrutiny/,3,3,"https://coincu.com/c/news/"">news</a>/international/americas/artc-report-pentagon-pushes-for-funding-to-support-iran-operations-replenish-munitions?utm_source=openai)."
398489,bitcoin-steadies-as-powell-keeps-rate-hike-option-open,https://coincu.com/bitcoin-steadies-as-powell-keeps-rate-hike-option-open/,3,3,https://apnews.com/article/9221c7658b01a0523d743d50b116ff11?utm_source=openai
398705,u-s-dod-assesses-iraq-posture-amid-regional-risks,https://coincu.com/u-s-dod-assesses-iraq-posture-amid-regional-risks/,3,3,https://apnews.com/article/7110ec28de2fc8fcb620d86da104de06?utm_source=openai).
396169,dualpath-lifts-throughput-as-rdma-eases-kv-cache-i-o,https://coincu.com/dualpath-lifts-throughput-as-rdma-eases-kv-cache-i-o/,4,2,https://arxiv.org/abs/2602.21548?utm_source=openai
393615,bitcoin-dips-sub-70k-as-dow-futures-fall-on-google-ai-capex,https://coincu.com/bitcoin-dips-sub-70k-as-dow-futures-fall-on-google-ai-capex/,2,2,https://apnews.com/article/d4ed66429ffa2f50f2feea99b0e583ed?utm_source=openai
393715,funtoken-faces-pressure-as-751m-fun-moves-to-binance,https://coincu.com/funtoken-faces-pressure-as-751m-fun-moves-to-binance/,2,2,https://cn.blockchain.news/flashnews/whale-deposits-751m-fun-to-binance-faces-16-7m-loss?utm_source=openai
393837,federal-reserve-faces-test-as-warsh-hearing-meets-doj-probe,https://coincu.com/federal-reserve-faces-test-as-warsh-hearing-meets-doj-probe/,2,2,https://www.banking.senate.gov/newsroom/minority/warren-presses-trump-on-involvement-in-powell-cook-investigations-following-bessent-assertion-to-warren-that-doj-investigations-are-up-to-the-president?utm_source=openai
393928,polymarket-to-grant-jump-trading-equity-for-market-making,https://coincu.com/polymarket-to-grant-jump-trading-equity-for-market-making/,2,2,https://fortune.com/2025/11/07/polymarket-wash-trading-inflated-prediction-markets-columbia-research/?utm_source=openai
393940,bitcoin-sees-strategy-add-1142-btc-via-atm,https://coincu.com/bitcoin-sees-strategy-add-1142-btc-via-atm/,2,2,https://coincentral.com/strategy-mstr-stock-slides-3-despite-adding-1142-btc-to-its-expanding-treasury/?utm_source=openai
393952,bitcoin-draws-focus-after-2-565-btc-sent-to-genesis,https://coincu.com/bitcoin-draws-focus-after-2-565-btc-sent-to-genesis/,2,2,https://coincentral.com/satoshi-nakamoto-first-wallet-receives-2-565-btc-from-unknown-sender/?utm_source=openai
394102,dow-jones-tops-50000-as-fed-rate-cut-hopes-ai-chips-lead,https://coincu.com/dow-jones-tops-50000-as-fed-rate-cut-hopes-ai-chips-lead/,2,2,https://www.theguardian.com/business/2026/feb/06/dow-stock-market-record-high?utm_source=openai
394118,memecoins-face-scrutiny-as-bubblemaps-flags-x-1m-contest,https://coincu.com/memecoins-face-scrutiny-as-bubblemaps-flags-x-1m-contest/,2,2,https://protos.com/x-creators-1m-prize-winner-exposed-as-memecoin-pump-and-dumper/?utm_source=openai
394248,solana-moves-as-ftx-unstakes-15-9m-under-bankruptcy-plan,https://coincu.com/solana-moves-as-ftx-unstakes-15-9m-under-bankruptcy-plan/,2,2,https://nulltx.com/sbf-claims-ftx-was-never-insolvent-says-creditors-paid-120/?utm_source=openai
394261,ether-draws-scrutiny-as-eth2-beacon-deposits-concentrate,https://coincu.com/ether-draws-scrutiny-as-eth2-beacon-deposits-concentrate/,2,2,https://cointelegraph.com/news/ethereum-merge-made-network-more-centralized?utm_source=openai
394321,bitcoin-sees-state-backed-mining-as-vaneck-flags-13,https://coincu.com/bitcoin-sees-state-backed-mining-as-vaneck-flags-13/,2,2,https://www.newsblock.co/2025/11/japan-enters-state-backed-bitcoin.html?utm_source=openai
394348,ether-holds-as-72b-staking-fuels-centralization-debate,https://coincu.com/ether-holds-as-72b-staking-fuels-centralization-debate/,2,2,https://info.arkm.com/research/who-owns-the-most-ethereum-2025-vitalik-bitmine?utm_source=openai
394410,bitcoin-holds-as-fss-probes-bithumb-ghost-bitcoin,https://coincu.com/bitcoin-holds-as-fss-probes-bithumb-ghost-bitcoin/,2,2,https://cointelegraph.com/news/how-a-bitcoin-promotion-error-triggered-a-regulatory-reckoning-in-south-korea?utm_source=openai
394512,u-s-inflation-outlook-shifts-on-tariffs-fed-cuts-in-focus,https://coincu.com/u-s-inflation-outlook-shifts-on-tariffs-fed-cuts-in-focus/,2,2,https://www.goldmansachs.com/insights/articles/the-outlook-for-fed-rate-cuts-in-2026?utm_source=openai
394524,iren-joins-msci-usa-index-as-inclusion-takes-effect-feb-27,https://coincu.com/iren-joins-msci-usa-index-as-inclusion-takes-effect-feb-27/,2,2,https://www.globenewswire.com/news-release/2026/02/12/3237800/0/en/iren-added-to-msci-usa-index.html?utm_source=openai
394608,ftx-assets-assessed-amid-doj-forfeiture-80b-claim,https://coincu.com/ftx-assets-assessed-amid-doj-forfeiture-80b-claim/,2,2,https://www.privateequitylitigation.com/2022/12/sbf-prosecution-raises-novel-issues-for-asset-forfeiture-and-victim-restitution/?utm_source=openai
394644,morpho-trades-on-apollo-48-month-plan-to-buy-up-to-90m,https://coincu.com/morpho-trades-on-apollo-48-month-plan-to-buy-up-to-90m/,2,2,https://morpho.org/blog/morpho-association-announces-cooperation-agreement-with-apollo/?utm_source=openai
394655,aave-faces-sec-review-as-grayscale-files-2-5-fee-etf,https://coincu.com/aave-faces-sec-review-as-grayscale-files-2-5-fee-etf/,2,2,https://www.ainvest.com/news/grayscale-considers-converting-aave-trust-spot-etf-2602/?utm_source=openai
394676,x-tightens-api-on-fee-pools-as-smart-cashtags-near-launch,https://coincu.com/x-tightens-api-on-fee-pools-as-smart-cashtags-near-launch/,2,2,https://www.ainvest.com/news/announces-api-policy-update-prevent-apps-creating-fee-pools-user-consent-2602/?utm_source=openai
394777,bitcoin-navigates-quantum-risk-amid-etf-and-basis-signals,https://coincu.com/bitcoin-navigates-quantum-risk-amid-etf-and-basis-signals/,2,2,https://www.businessinsider.com/bitcoin-price-prediction-quantum-computing-risk-cryptography-jefferies-2026-1?utm_source=openai
394813,bitcoin-draws-interest-as-metaplanet-targets-1-by-2027,https://coincu.com/bitcoin-draws-interest-as-metaplanet-targets-1-by-2027/,2,2,https://www.ft.com/content/475ca245-bd04-4a56-b848-b88ea3b4ef13?utm_source=openai
394836,openai-taps-openclaw-founder-to-lead-personal-agents,https://coincu.com/openai-taps-openclaw-founder-to-lead-personal-agents/,2,2,https://fortune.com/2026/02/12/openclaw-ai-agents-security-risks-beware//?utm_source=openai
394871,japanese-yen-steadies-as-markets-weigh-april-boj-hike,https://coincu.com/japanese-yen-steadies-as-markets-weigh-april-boj-hike/,2,2,https://www.mnimarkets.com/articles/mni-interview-ex-bojs-sakurai-sees-hike-by-as-early-as-april-1739359419804?utm_source=openai
394877,victory-fintech-vdx-gains-sfc-license-after-june-pause,https://coincu.com/victory-fintech-vdx-gains-sfc-license-after-june-pause/,2,2,https://www.ainvest.com/news/victory-fintech-license-flow-analyst-10-31-stock-surge-2602/?utm_source=openai
394950,x-sees-outage-reports-as-downdetector-spikes-monday,https://coincu.com/x-sees-outage-reports-as-downdetector-spikes-monday/,2,2,https://www.cnbc.com/2025/05/24/elon-musk-x-outage-social-media.html?utm_source=openai
395020,paxg-gains-as-on-chain-shorts-unwind-amid-gold-rebound,https://coincu.com/paxg-gains-as-on-chain-shorts-unwind-amid-gold-rebound/,2,2,https://coincentral.com/tokenized-gold-sees-177-growth-overtakes-gold-etfs-in-volume/?utm_source=openai
395029,bitcoin-draws-flows-as-intesa-reveals-spot-etf-stake,https://coincu.com/bitcoin-draws-flows-as-intesa-reveals-spot-etf-stake/,2,2,https://www.kucoin.com/fr/news/flash/intesa-sanpaolo-discloses-96m-bitcoin-etf-holdings-and-strategy-put-options?utm_source=openai
395149,phantom-rolls-out-mcp-server-with-ai-signing-safeguards,https://coincu.com/phantom-rolls-out-mcp-server-with-ai-signing-safeguards/,2,2,https://www.ainvest.com/news/phantom-launches-ai-driven-mcp-server-support-autonomous-transactions-token-swaps-2602/?utm_source=openai
395264,ethereum-outlines-2026-roadmap-on-scaling-ux-security,https://coincu.com/ethereum-outlines-2026-roadmap-on-scaling-ux-security/,2,2,https://blog.contactcenterpipeline.com/2025/10/meeting-digital-first-customer-expectations/?utm_source=openai
395276,stablecoins-face-rewards-review-in-white-houses-third-talks,https://coincu.com/stablecoins-face-rewards-review-in-white-houses-third-talks/,2,2,https://cointelegraph.com/news/crypto-banks-meet-white-house-stablecoin-rewards?utm_source=openai
395329,bitcoin-holds-as-blackrock-sends-2563-btc-to-coinbase-prime,https://coincu.com/bitcoin-holds-as-blackrock-sends-2563-btc-to-coinbase-prime/,2,2,https://cryptoslate.com/bloomberg-analyst-refutes-controversial-allegations-against-coinbase-says-blackrock-is-not-messing-around/?utm_source=openai
395357,tariff-refunds-stay-uncertain-after-ieepa-supreme-court-ruling,https://coincu.com/tariff-refunds-stay-uncertain-after-ieepa-supreme-court-ruling/,2,2,https://timesofindia.indiatimes.com/business/international-business/trump-tariffs-trashed-us-businesses-fret-as-court-ruling-worryingly-silent-over-refunds/articleshow/128617060.cms?utm_source=openai
395386,pump-slips-as-on-chain-data-link-team-wallets-to-7-23m-sale,https://coincu.com/pump-slips-as-on-chain-data-link-team-wallets-to-7-23m-sale/,2,2,https://ambcrypto.com/pump-fun-team-sells-543mln-pump-at-loss-heres-what-it-means-for-holders/?utm_source=openai
395401,sonic-labs-launches-spawn-as-closed-testing-begins,https://coincu.com/sonic-labs-launches-spawn-as-closed-testing-begins/,2,2,https://blog.soniclabs.com/spawn-by-sonic-from-idea-to-app-instantly-with-ai/?utm_source=openai
395410,ethereum-faces-scrutiny-as-tvl-sits-idle-amid-tradfi-tilt,https://coincu.com/ethereum-faces-scrutiny-as-tvl-sits-idle-amid-tradfi-tilt/,2,2,https://fortune.com/2026/02/20/influential-wintermute-founder-evgeny-gaevoy-thinks-crypto-strayed-from-cypherpunk-roots/?utm_source=openai
395452,aave-details-v4-rollout-as-v3-supply-caps-guide-migration,https://coincu.com/aave-details-v4-rollout-as-v3-supply-caps-guide-migration/,2,2,https://aave.com/blog/aave-2025-recap?utm_source=openai
395530,iotex-flags-private-key-exploit-as-funds-are-frozen,https://coincu.com/iotex-flags-private-key-exploit-as-funds-are-frozen/,2,2,https://cointelegraph.com/news/iotex-investigates-token-safe-suspicious-activity-4-3m-loss?utm_source=openai
395560,bitcoin-miners-rethink-cash-as-bitdeer-cuts-btc-to-zero,https://coincu.com/bitcoin-miners-rethink-cash-as-bitdeer-cuts-btc-to-zero/,2,2,https://phemex.com/news/article/bitdeer-reports-zero-btc-holdings-after-selling-weekly-output-61859?utm_source=openai
395770,okx-launches-stock-perps-on-hood-tsla-mstr-with-5x,https://coincu.com/okx-launches-stock-perps-on-hood-tsla-mstr-with-5x/,2,2,https://cointelegraph.com/news/okx-delays-onchain-perps-launch-over-regulatory-concerns?utm_source=openai
395781,ether-steadies-as-ethereum-foundation-stakes-70000-eth,https://coincu.com/ether-steadies-as-ethereum-foundation-stakes-70000-eth/,2,2,https://blog.ethereum.org/2026/02/24/staking?utm_source=openai
395807,bitcoin-awaits-fed-cues-as-quarles-upbeat-on-cuts,https://coincu.com/bitcoin-awaits-fed-cues-as-quarles-upbeat-on-cuts/,2,2,https://www.barrons.com/articles/fed-waller-rate-cuts-424ed4e1?utm_source=openai
395872,u-s-tariffs-shift-as-court-curbs-ieepa-section-122-in-play,https://coincu.com/u-s-tariffs-shift-as-court-curbs-ieepa-section-122-in-play/,2,2,https://timesofindia.indiatimes.com/world/trade-deficits-distinct-from-bop-deficits-gita-gopinath-backs-neal-katyal-on-trumps-15-tariff-move/articleshow/128677377.cms?utm_source=openai
395875,u-s-rates-hold-after-fomc-minutes-stress-2-goal,https://coincu.com/u-s-rates-hold-after-fomc-minutes-stress-2-goal/,2,2,https://www.foxbusiness.com/economy/feds-powell-says-officials-wont-wait-until-inflation-reaches-2-cut-rates?utm_source=openai
396041,leo-trades-at-60-premium-amid-2016-bitfinex-case,https://coincu.com/leo-trades-at-60-premium-amid-2016-bitfinex-case/,2,2,"https://coincu.com/news/crypto/"">crypto</a>-economy.com/analyst-leo-could-foreshadow-movement-of-btc/?utm_source=openai&#8221;"
396053,bitcoin-holds-as-south-korea-arrests-two-in-22-btc-theft,https://coincu.com/bitcoin-holds-as-south-korea-arrests-two-in-22-btc-theft/,2,2,https://koreajoongangdaily.joins.com/news/2026-02-13/national/socialAffairs/Gangnam-Police-Precinct-loses-145M-from-surrendered-Bitcoin-wallet-investigates/2524029?utm_source=openai
396055,bitcoin-holds-as-binances-he-yi-dimon-flag-crypto-risk,https://coincu.com/bitcoin-holds-as-binances-he-yi-dimon-flag-crypto-risk/,2,2,https://u.today/binance-cofounder-reacts-as-proof-emerges-that-binance-was-hit-by-fud-ai-driven-campaign?utm_source=openai
396066,u-s-treasuries-steady-as-fed-independence-faces-pressure,https://coincu.com/u-s-treasuries-steady-as-fed-independence-faces-pressure/,2,2,https://www.americanbanker.com/news/bankers-back-fed-independence-as-scotus-mulls-removability?utm_source=openai
396160,jpysc-to-debut-q2-2026-under-japans-type-iii-rules,https://coincu.com/jpysc-to-debut-q2-2026-under-japans-type-iii-rules/,2,2,https://cointelegraph.com/news/japan-s-sbi-and-startale-plan-regulated-yen-stablecoin-in-2026-under-new-framework//?utm_source=openai
396163,nomina-nom-faces-upbit-delisting-on-mar-30-1500-kst,https://coincu.com/nomina-nom-faces-upbit-delisting-on-mar-30-1500-kst/,2,2,https://www.aicoin.com/en/news-flash/2586810?utm_source=openai
396207,bitcoin-holds-as-85k-90k-gamma-caps-moves,https://coincu.com/bitcoin-holds-as-85k-90k-gamma-caps-moves/,2,2,"https://coincu.com/news/crypto/"">crypto</a>-turnaround-should-watch-for-33d31eed?utm_source=openai&#8221;"
396331,dubai-airports-suspends-flights-amid-burj-khalifa-evacuation,https://coincu.com/dubai-airports-suspends-flights-amid-burj-khalifa-evacuation/,2,2,https://m.economictimes.com/nri/latest-updates/dubai-suspends-all-flight-operations-at-dubai-international-and-al-maktoum-airports/articleshow/128885752.cms?utm_source=openai).</p><p>The
396379,amir-hatami-remains-safe-as-us-israel-strike-iran,https://coincu.com/amir-hatami-remains-safe-as-us-israel-strike-iran/,2,2,https://news.cgtn.com/news/2026-02-28/news-1L8nCzaya3K/p.html?utm_source=openai
396489,brent-crude-swings-iran-israel-risk-dims-june-fed-cut-odds,https://coincu.com/brent-crude-swings-iran-israel-risk-dims-june-fed-cut-odds/,2,2,https://www.marketwatch.com/story/the-situation-in-the-middle-east-is-a-major-wild-card-for-the-fed-former-powell-advisor-says-0378ab73?utm_source=openai
396886,kospi-sinks-12-on-85-oil-won-slides-on-mideast-shock,https://coincu.com/kospi-sinks-12-on-85-oil-won-slides-on-mideast-shock/,2,2,https://intellectia.ai/news/stock/s-korean-stocks-tumble-12-at-close-financial-services-commission-to-activate-mkt-stabilization-plan-if-needed?utm_source=openai).
396926,crypto-exchanges-face-20-cap-as-s-korea-agrees-on-rules,https://coincu.com/crypto-exchanges-face-20-cap-as-s-korea-agrees-on-rules/,2,2,https://en.sedaily.com/finance/2025/12/31/korea-mulls-capping-crypto-exchange-stakes-sparking-ma?utm_source=openai
397352,aave-hits-record-users-in-feb-as-basis-yields-collapse,https://coincu.com/aave-hits-record-users-in-feb-as-basis-yields-collapse/,2,2,https://decrypt.co/360391/aave-monthly-active-users-record-defi-lending?utm_source=openai).
398175,elon-musk-earns-a16z-nod-andreessen-touts-no-buffer-model,https://coincu.com/elon-musk-earns-a16z-nod-andreessen-touts-no-buffer-model/,2,2,https://ai.enacast.com/c/lex/e/7bb6b25f-e836-4275-adc1-4e15e3a6372d/transcript?utm_source=openai).
398720,openai-targets-8000-employees-by-2026-amid-compute-limits,https://coincu.com/openai-targets-8000-employees-by-2026-amid-compute-limits/,2,2,"https://coincu.com/c/news/"">news</a>/2026/01/202601287352?utm_source=openai).</p><p>As"
393599,bitcoin-gains-favor-as-jpmorgan-flags-shrinking-vol-gap,https://coincu.com/bitcoin-gains-favor-as-jpmorgan-flags-shrinking-vol-gap/,1,1,https://www.investopedia.com/why-this-legendary-investor-prefers-gold-over-bitcoin-8748191?utm_source=openai
393671,treasury-yields-steady-as-shutdown-delays-jobs-cpi,https://coincu.com/treasury-yields-steady-as-shutdown-delays-jobs-cpi/,1,1,https://www.barrons.com/articles/january-jobs-report-release-feb-11-fca20f01?utm_source=openai
393823,bitcoin-edges-lower-as-bot-unwind-signals-surface,https://coincu.com/bitcoin-edges-lower-as-bot-unwind-signals-surface/,1,1,https://phemex.com/news/article/tom-demark-links-eth-and-btc-price-decline-to-artificial-liquidation-39617?utm_source=openai).
393891,bitcoin-stays-in-focus-as-fsc-fss-probes-bithumb-glitch,https://coincu.com/bitcoin-stays-in-focus-as-fsc-fss-probes-bithumb-glitch/,1,1,https://en.sedaily.com/finance/2026/02/08/korean-regulators-launch-emergency-probe-into-bithumbs-14b?utm_source=openai
393912,backpack-token-sets-25-tge-unlock-24-to-points-holders,https://coincu.com/backpack-token-sets-25-tge-unlock-24-to-points-holders/,1,1,https://cryptonews.net/news/altcoins/32358808/?utm_source=openai
394009,crypto-faces-nist-led-pqc-shift-as-ai-scales,https://coincu.com/crypto-faces-nist-led-pqc-shift-as-ai-scales/,1,1,https://thequantuminsider.com/2025/03/07/nist-outlines-strategies-for-crypto-agility-as-pqc-migration-stalls-available-for-public-comment/?utm_source=openai
394076,dxy-faces-10-downside-risk-on-deeper-2026-fed-cuts,https://coincu.com/dxy-faces-10-downside-risk-on-deeper-2026-fed-cuts/,1,1,https://www.statestreet.com/inl/en/insights/market-outlook-2026?utm_source=openai
394079,bitcoin-futures-launch-on-ibkr-via-coinbase-nano-contracts,https://coincu.com/bitcoin-futures-launch-on-ibkr-via-coinbase-nano-contracts/,1,1,https://apnews.com/article/1dc34b193152a62f0cf32b69e3453974?utm_source=openai
394099,internet-computer-expands-on-pakistan-sovereign-cloud-mou,https://coincu.com/internet-computer-expands-on-pakistan-sovereign-cloud-mou/,1,1,https://www.techjuice.pk/pda-partners-with-dfinity-for-national-cloud-1500-ai-licenses/?utm_source=openai
394115,cryptocurrency-draws-review-as-pdrm-checks-kajang-claim,https://coincu.com/cryptocurrency-draws-review-as-pdrm-checks-kajang-claim/,1,1,https://www.youtocoin.com/flash/344115.html?utm_source=openai).
394283,pacifica-outlines-perps-scope-as-10x-leverage-draws-scrutiny,https://coincu.com/pacifica-outlines-perps-scope-as-10x-leverage-draws-scrutiny/,1,1,https://www.ainvest.com/news/pacifica-launches-jup-xag-perpetual-contracts-10x-leverage-2601?utm_source=openai)</p><h2
394289,cardano-faces-hk-rumor-details-layerzero-plan-at-consensus,https://coincu.com/cardano-faces-hk-rumor-details-layerzero-plan-at-consensus/,1,1,https://consensus-hongkong.coindesk.com/agenda/event/-cardano-spotlight-session-144?utm_source=openai
394299,geode-capital-management-lifts-stake-by-175000-in-13f,https://coincu.com/geode-capital-management-lifts-stake-by-175000-in-13f/,1,1,https://www.marketbeat.com/instant-alerts/filing-geode-capital-management-llc-increases-stake-in-equifax-inc-efx-2025-11-14/?utm_source=openai
394359,cardano-transfers-paused-on-coinbase-buys-sells-unaffected,https://coincu.com/cardano-transfers-paused-on-coinbase-buys-sells-unaffected/,1,1,https://isdown.app/status/coinbase-prime/incidents/479474-cardano-network-disabled-transactions?utm_source=openai
394362,flow-faces-upbit-delisting-after-dec-27-exploit,https://coincu.com/flow-faces-upbit-delisting-after-dec-27-exploit/,1,1,https://flow.com/post/dec-27-technical-post-mortem?utm_source=openai
394381,binance-denies-bitmex-trades-amid-cftc-complaint,https://coincu.com/binance-denies-bitmex-trades-amid-cftc-complaint/,1,1,https://www.coindesk.com/policy/2023/11/28/us-treatment-of-cz-binance-is-absurd-arthur-hayes?utm_source=openai
394501,dollar-holds-as-fed-weighs-jobs-core-inflation,https://coincu.com/dollar-holds-as-fed-weighs-jobs-core-inflation/,1,1,https://www.federalreserve.gov/newsevents/speech/kugler20250307a.htm?utm_source=openai
394504,treasury-yields-dip-as-goldman-sachs-flags-june-fed-cut,https://coincu.com/treasury-yields-dip-as-goldman-sachs-flags-june-fed-cut/,1,1,https://www.investing.com/news/economy-news/goldman-sachs-pushes-back-us-fed-rate-cut-forecast-after-soft-jobs-data-4440666?utm_source=openai
394585,bitcoin-etf-ibit-steadies-as-avenir-tweaks-2025-13f,https://coincu.com/bitcoin-etf-ibit-steadies-as-avenir-tweaks-2025-13f/,1,1,https://t.signalplus.com/crypto-news/detail/avenir-group-bitcoin-etf-holdings-1-19b-record?utm_source=openai
394623,bitcoin-faces-doj-as-200m-pgi-ponzi-draws-20-year-term,https://coincu.com/bitcoin-faces-doj-as-200m-pgi-ponzi-draws-20-year-term/,1,1,https://coindoo.com/federal-court-sentences-crypto-founder-to-20-years-in-major-bitcoin-fraud-case/?utm_source=openai
394638,coinbase-gains-as-ark-invest-buys-15m-across-etfs,https://coincu.com/coinbase-gains-as-ark-invest-buys-15m-across-etfs/,1,1,https://coincentral.com/coinbase-coin-stock-jumps-16-as-cathie-woods-ark-buys-15-million/?utm_source=openai
394743,kevin-oleary-secures-2-8m-as-court-issues-default-judgment,https://coincu.com/kevin-oleary-secures-2-8m-as-court-issues-default-judgment/,1,1,https://news.bloomberglaw.com/business-and-practice/kevin-oleary-wins-2-8-million-in-influencer-defamation-lawsuit?utm_source=openai
394854,lighter-lit-set-to-trade-as-bithumb-opens-krw-pair,https://coincu.com/lighter-lit-set-to-trade-as-bithumb-opens-krw-pair/,1,1,https://www.htx.com/news/Project%20Updates-Cn6d2MJ4/?utm_source=openai
394868,zerolend-winds-down-as-ltv-set-to-0-amid-low-activity,https://coincu.com/zerolend-winds-down-as-ltv-set-to-0-amid-low-activity/,1,1,https://www.aicoin.com/en/article/512268?utm_source=openai
394956,uranium-steadies-as-iaea-checks-eyed-in-iran-talks,https://coincu.com/uranium-steadies-as-iaea-checks-eyed-in-iran-talks/,1,1,https://www.theguardian.com/world/2025/apr/24/iran-rejects-demand-from-us-to-rely-on-imported-uranium?utm_source=openai
395023,boj-to-tighten-as-imf-flags-two-2025-hikes-one-2026,https://coincu.com/boj-to-tighten-as-imf-flags-two-2025-hikes-one-2026/,1,1,https://www.imf.org/en/News/Articles/2025/04/01/pr25084-japan-imf-executive-board-concludes-2025-article-iv-consultation-with-japan?utm_source=openai
395063,bitcoin-steadies-as-etf-flows-meet-miner-supply-debate,https://coincu.com/bitcoin-steadies-as-etf-flows-meet-miner-supply-debate/,1,1,https://cointelegraph.com/news/bitcoin-price-surge-etf-corporate-demand-outpaces-supply//?utm_source=openai
395089,sui-sees-u-s-staking-etfs-list-as-gsui-suis-launch,https://coincu.com/sui-sees-u-s-staking-etfs-list-as-gsui-suis-launch/,1,1,https://www.globenewswire.com/news-release/2026/02/18/3240219/0/en/Grayscale-Sui-Staking-ETF-Ticker-GSUI-Launches-on-NYSE-Arca-with-Staking.html?utm_source=openai
395092,kraken-expands-ma-amid-ipo-prep-with-magna-acquisition,https://coincu.com/kraken-expands-ma-amid-ipo-prep-with-magna-acquisition/,1,1,https://coinedition.com/kraken-acquires-backed-finance-xstocks-tokenized-equities-10-billion-volume?utm_source=openai
395098,bitcoin-trades-below-70k-as-profit-metric-debated,https://coincu.com/bitcoin-trades-below-70k-as-profit-metric-debated/,1,1,https://whale-alert.io/analytics/realized-profit/ethereum/TRAC?utm_source=openai
395131,bitmine-immersion-moves-as-boa-13f-stake-jumps-1668,https://coincu.com/bitmine-immersion-moves-as-boa-13f-stake-jumps-1668/,1,1,https://www.ainvest.com/news/big-banks-buy-bmnr-paper-losses-hit-8b-2602/?utm_source=openai
395218,bitcoin-sees-1b-abu-dhabi-swf-exposure-via-ibit-by-end-2025,https://coincu.com/bitcoin-sees-1b-abu-dhabi-swf-exposure-via-ibit-by-end-2025/,1,1,https://www.ainvest.com/news/abu-dhabi-1b-bitcoin-etf-bet-flow-driven-analysis-2602/?utm_source=openai
395221,ether-digests-sec-innovation-exemption-plan-after-ethdenver,https://coincu.com/ether-digests-sec-innovation-exemption-plan-after-ethdenver/,1,1,https://www.wilmerhale.com/en/insights/client-alerts/20250801-sec-chair-atkins-unveils-project-crypto-to-modernize-us-securities-regulation?utm_source=openai
395231,ethereum-forms-platform-team-for-l1-l2-in-2026-roadmap,https://coincu.com/ethereum-forms-platform-team-for-l1-l2-in-2026-roadmap/,1,1,https://blog.ethereum.org/2026/02/17/platform?utm_source=openai
395237,figure-fgrd-debuts-on-open-under-sec-rules,https://coincu.com/figure-fgrd-debuts-on-open-under-sec-rules/,1,1,https://www.theblock.co/post/385595/figure-onchain-equity-network-aimed-remaking-stock-trading-lending/?utm_source=openai
395261,openclaw-widens-reach-amid-cve-2026-25253-exploit-chain,https://coincu.com/openclaw-widens-reach-amid-cve-2026-25253-exploit-chain/,1,1,https://www.securityweek.com/openclaw-security-issues-continue-as-secureclaw-open-source-tool-debuts/amp/?utm_source=openai
395298,gold-valued-at-5790-under-deutsche-bank-reserve-model,https://coincu.com/gold-valued-at-5790-under-deutsche-bank-reserve-model/,1,1,https://www.barrons.com/articles/gold-dollar-trade-reserves-439798f6?utm_source=openai
395588,bitcoin-holds-200-week-ema-as-cot-shows-shorts-trimmed,https://coincu.com/bitcoin-holds-200-week-ema-as-cot-shows-shorts-trimmed/,1,1,https://cointelegraph.com/news/bitcoin-price-may-rebound-85k-cme-smart-money-slashes-shorts?utm_source=openai
395610,ethereum-weighs-focil-as-roadmap-targets-inclusion,https://coincu.com/ethereum-weighs-focil-as-roadmap-targets-inclusion/,1,1,https://www.theblock.co/post/390682/vitalik-buterin-is-building-a-cypherpunk-principled-non-ugly-ethereum-as-devs-officially-add-focil-to-upgrade-roadmap?utm_source=openai
395612,oil-dips-as-geneva-nuclear-talks-set-strike-risk-watched,https://coincu.com/oil-dips-as-geneva-nuclear-talks-set-strike-risk-watched/,1,1,https://www.theguardian.com/world/2026/feb/21/iran-nuclear-counterproposal-us-strikes-threat?utm_source=openai
395615,oil-dips-on-u-s-iran-strike-rumors-ahead-of-geneva-talks,https://coincu.com/oil-dips-on-u-s-iran-strike-rumors-ahead-of-geneva-talks/,1,1,https://www.theguardian.com/world/2026/feb/21/iran-nuclear-counterproposal-us-strikes-threat?utm_source=openai
395680,ethereum-weighs-wallet-simulations-after-buterin-proposal,https://coincu.com/ethereum-weighs-wallet-simulations-after-buterin-proposal/,1,1,https://coincentral.com/vitalik-buterin-proposes-transaction-simulations-to-strengthen-ethereum-wallet-security/?utm_source=openai
395708,backpack-token-draws-scrutiny-on-20-equity-staking-plan,https://coincu.com/backpack-token-draws-scrutiny-on-20-equity-staking-plan/,1,1,https://www.kucoin.com/news/flash/backpack-s-tokenomics-model-binds-team-and-investors-to-ipo-success?utm_source=openai
395714,based-raises-11-5m-as-pantera-leads-series-a-on-hyperliquid,https://coincu.com/based-raises-11-5m-as-pantera-leads-series-a-on-hyperliquid/,1,1,https://financewire.com/2026/02/23/based-raises-11-5-million-series-a-led-by-pantera-to-scale-its-composable-web3-consumer-superapp/?utm_source=openai
395878,crypto-com-secures-occ-trust-charter-amid-35m-pac-donations,https://coincu.com/crypto-com-secures-occ-trust-charter-amid-35m-pac-donations/,1,1,https://www.washingtonpost.com/business/2025/12/16/trump-cryptocurrency-cryptocom-conflicts-of-interest/cb283418-da7f-11f0-b484-4459fa8e79e5_story.html/?utm_source=openai
395933,bitcoin-tests-200-week-ma-as-fear-greed-index-hits-5,https://coincu.com/bitcoin-tests-200-week-ma-as-fear-greed-index-hits-5/,1,1,https://www.coindesk.com/markets/2025/11/22/bitcoin-greed-and-fear-index-shows-extreme-pessimism-tactical-bottom-may-be-near/?utm_source=openai
395994,arc-funding-rate-surges-to-2100-on-lighter-amid-whale-long,https://coincu.com/arc-funding-rate-surges-to-2100-on-lighter-amid-whale-long/,1,1,https://www.aicoin.com/en/news-flash/2770385?utm_source=openai
396172,robo-draws-scrutiny-as-binance-perp-rumor-vs-kucoin-futures,https://coincu.com/robo-draws-scrutiny-as-binance-perp-rumor-vs-kucoin-futures/,1,1,https://www.kucoin.com/news/flash/kucoin-futures-launches-robousdt-perpetual-contract-with-5x-leverage?utm_source=openai
396191,japan-sbi-and-startale-launch-first-bank,https://coincu.com/japan-sbi-and-startale-launch-first-bank/,1,1,https://startale.com/en/blog/yen-stablecoin?utm_source=openai
396205,binance-faces-us-court-as-judge-rejects-pre-2019-arbitration,https://coincu.com/binance-faces-us-court-as-judge-rejects-pre-2019-arbitration/,1,1,"https://coincu.com/news/crypto/"">crypto</a>-investors?utm_source=openai&#8221;"
396241,cryptocurrency-sees-580m-seized-in-doj-strike-force-action,https://coincu.com/cryptocurrency-sees-580m-seized-in-doj-strike-force-action/,1,1,https://www.justice.gov/usao-dc/pr/dc-scam-center-strike-force-seizures-cryptocurrency-chinese-transnational-criminals-tops?utm_source=openai
396296,oil-steadies-as-hormuz-strike-reports-face-verification,https://coincu.com/oil-steadies-as-hormuz-strike-reports-face-verification/,1,1,https://www.iranintl.com/en/202504266980?utm_source=openai
396302,iran-army-faces-claims-of-hatamis-death-post-israel-strikes,https://coincu.com/iran-army-faces-claims-of-hatamis-death-post-israel-strikes/,1,1,https://en.mehrnews.com/news/233166/Iran-s-army-cmdr-vows-firm-crushing-response-to-Israel?utm_source=openai
396436,iran-leadership-risk-rises-after-us-israel-tehran-strike,https://coincu.com/iran-leadership-risk-rises-after-us-israel-tehran-strike/,1,1,https://www.ynetnews.com/article/bxkr24hxo?utm_source=openai
396464,crypto-faces-new-rules-on-x-after-paid-partnership-shift,https://coincu.com/crypto-faces-new-rules-on-x-after-paid-partnership-shift/,1,1,https://www.ftc.gov/business-guidance/resources/ftcs-endorsement-guides?utm_source=openai
396656,digital-yen-advances-as-boj-tests-agora-settlement-finality,https://coincu.com/digital-yen-advances-as-boj-tests-agora-settlement-finality/,1,1,https://www.bis.org/review/r240306a.htm?utm_source=openai).
396752,bitcoin-sees-supply-risk-as-mara-widens-2026-policy,https://coincu.com/bitcoin-sees-supply-risk-as-mara-widens-2026-policy/,1,1,https://www.sec.gov/Archives/edgar/data/0001507605/000150760526000007/mara-20251231.htm?utm_source=openai).
397411,usdc-and-pyusd-used-in-aon-insurance-premium-pilot,https://coincu.com/usdc-and-pyusd-used-in-aon-insurance-premium-pilot/,1,1,https://aon.mediaroom.com/2026-03-09-Aon-Announces-First-Stablecoin-Insurance-Premium-Payment?utm_source=openai).
397854,bitcoins-rebound-case-builds-on-fed-liquidity-etf-flows,https://coincu.com/bitcoins-rebound-case-builds-on-fed-liquidity-etf-flows/,1,1,https://finance.yahoo.com/news/arthur-hayes-predicts-bitcoin-bull-121715932.html?utm_source=openai).</p><h2
397906,velotrade-draws-scrutiny-as-ex-jpmorgan-claims-probed,https://coincu.com/velotrade-draws-scrutiny-as-ex-jpmorgan-claims-probed/,1,1,https://www.velotrade.com/about/?utm_source=openai
397922,uk-assets-assessed-under-poca-amid-fujian-case-probe,https://coincu.com/uk-assets-assessed-under-poca-amid-fujian-case-probe/,1,1,https://www.occrp.org/en/investigation/members-of-alleged-singapore-money-laundering-syndicate-bought-london-properties-worth-56m?utm_source=openai)</p><p>No
398001,citibank-assesses-branch-incident-amid-irgc-bank-threats,https://coincu.com/citibank-assesses-branch-incident-amid-irgc-bank-threats/,1,1,https://neworleanscitybusiness.com/blog/2026/03/03/us-financial-cyber-risk-iran/?utm_source=openai).
398617,celo-holds-as-celo-reviews-opera-160m-token-claim,https://coincu.com/celo-holds-as-celo-reviews-opera-160m-token-claim/,1,1,https://press.opera.com/2025/12/03/opera-and-celo-foundation-partnership/?utm_source=openai).
398747,farcaster-faces-scrutiny-as-mpp-ietf-draft-claim-checked,https://coincu.com/farcaster-faces-scrutiny-as-mpp-ietf-draft-claim-checked/,1,1,https://www.ietf.org/archive/id/draft-wkumari-not-a-draft-22.html?utm_source=openai).</p><p>In
398807,bitcoin-etf-options-expand-after-sec-removes-25k-cap,https://coincu.com/bitcoin-etf-options-expand-after-sec-removes-25k-cap/,1,1,https://www.sandmark.com/news/top-news/nasdaq-removes-limits-bitcoin-etf-options?utm_source=openai).
